-- MySQL dump 10.13  Distrib 5.5.46, for debian-linux-gnu (x86_64)
--
-- Host: localhost    Database: silap2
-- ------------------------------------------------------
-- Server version	5.5.46-0ubuntu0.14.04.2

/*!40101 SET @OLD_CHARACTER_SET_CLIENT=@@CHARACTER_SET_CLIENT */;
/*!40101 SET @OLD_CHARACTER_SET_RESULTS=@@CHARACTER_SET_RESULTS */;
/*!40101 SET @OLD_COLLATION_CONNECTION=@@COLLATION_CONNECTION */;
/*!40101 SET NAMES utf8 */;
/*!40103 SET @OLD_TIME_ZONE=@@TIME_ZONE */;
/*!40103 SET TIME_ZONE='+00:00' */;
/*!40014 SET @OLD_UNIQUE_CHECKS=@@UNIQUE_CHECKS, UNIQUE_CHECKS=0 */;
/*!40014 SET @OLD_FOREIGN_KEY_CHECKS=@@FOREIGN_KEY_CHECKS, FOREIGN_KEY_CHECKS=0 */;
/*!40101 SET @OLD_SQL_MODE=@@SQL_MODE, SQL_MODE='NO_AUTO_VALUE_ON_ZERO' */;
/*!40111 SET @OLD_SQL_NOTES=@@SQL_NOTES, SQL_NOTES=0 */;

--
-- Table structure for table `achievement_media`
--

DROP TABLE IF EXISTS `achievement_media`;
/*!40101 SET @saved_cs_client     = @@character_set_client */;
/*!40101 SET character_set_client = utf8 */;
CREATE TABLE `achievement_media` (
  `achievement_id` int(10) unsigned NOT NULL,
  `media_id` int(10) unsigned NOT NULL,
  `created_at` timestamp NOT NULL DEFAULT '0000-00-00 00:00:00',
  `updated_at` timestamp NOT NULL DEFAULT '0000-00-00 00:00:00',
  UNIQUE KEY `achievement_media_achievement_id_media_id_unique` (`achievement_id`,`media_id`),
  KEY `achievement_media_media_id_foreign` (`media_id`),
  CONSTRAINT `achievement_media_achievement_id_foreign` FOREIGN KEY (`achievement_id`) REFERENCES `achievements` (`id`) ON DELETE CASCADE,
  CONSTRAINT `achievement_media_media_id_foreign` FOREIGN KEY (`media_id`) REFERENCES `media` (`id`) ON DELETE CASCADE
) ENGINE=InnoDB DEFAULT CHARSET=utf8 COLLATE=utf8_unicode_ci;
/*!40101 SET character_set_client = @saved_cs_client */;

--
-- Dumping data for table `achievement_media`
--

LOCK TABLES `achievement_media` WRITE;
/*!40000 ALTER TABLE `achievement_media` DISABLE KEYS */;
INSERT INTO `achievement_media` VALUES (1,5,'2016-01-17 15:26:54','2016-01-17 15:26:54');
/*!40000 ALTER TABLE `achievement_media` ENABLE KEYS */;
UNLOCK TABLES;

--
-- Table structure for table `achievements`
--

DROP TABLE IF EXISTS `achievements`;
/*!40101 SET @saved_cs_client     = @@character_set_client */;
/*!40101 SET character_set_client = utf8 */;
CREATE TABLE `achievements` (
  `id` int(10) unsigned NOT NULL AUTO_INCREMENT,
  `goal_id` int(10) unsigned NOT NULL,
  `quarter` enum('1','2','3','4') COLLATE utf8_unicode_ci NOT NULL,
  `plan` double(15,2) NOT NULL,
  `realization` double(15,2) NOT NULL,
  `created_at` timestamp NOT NULL DEFAULT '0000-00-00 00:00:00',
  `updated_at` timestamp NOT NULL DEFAULT '0000-00-00 00:00:00',
  `budget_plan` double(15,2) NOT NULL,
  `budget_realization` double(15,2) NOT NULL,
  `percentation` double(5,2) DEFAULT NULL,
  PRIMARY KEY (`id`),
  UNIQUE KEY `achievements_goal_id_quarter_unique` (`goal_id`,`quarter`),
  CONSTRAINT `achievements_goal_id_foreign` FOREIGN KEY (`goal_id`) REFERENCES `goals` (`id`) ON DELETE CASCADE
) ENGINE=InnoDB AUTO_INCREMENT=385 DEFAULT CHARSET=utf8 COLLATE=utf8_unicode_ci;
/*!40101 SET character_set_client = @saved_cs_client */;

--
-- Dumping data for table `achievements`
--

LOCK TABLES `achievements` WRITE;
/*!40000 ALTER TABLE `achievements` DISABLE KEYS */;
INSERT INTO `achievements` VALUES (1,1,'1',25.00,0.00,'2016-01-03 13:45:06','2016-01-29 13:52:00',0.00,0.00,NULL),(2,1,'2',50.00,0.00,'2016-01-03 13:45:06','2016-01-29 13:52:04',0.00,0.00,NULL),(3,1,'3',75.00,0.00,'2016-01-03 13:45:06','2016-01-29 13:52:12',0.00,0.00,NULL),(4,1,'4',0.00,5.00,'2016-01-03 13:45:06','2016-01-29 13:53:46',3550000000.00,2431919000.00,95.71),(5,2,'1',25.00,0.00,'2016-01-03 13:45:14','2016-01-29 10:04:06',0.00,0.00,NULL),(6,2,'2',50.00,0.00,'2016-01-03 13:45:14','2016-01-29 10:04:05',0.00,0.00,NULL),(7,2,'3',75.00,0.00,'2016-01-03 13:45:14','2016-01-29 10:04:04',0.00,0.00,NULL),(8,2,'4',0.00,4.00,'2016-01-03 13:45:14','2016-01-29 13:55:00',10583000000.00,4857471000.00,90.00),(9,3,'1',25.00,0.00,'2016-01-03 13:45:20','2016-01-29 03:51:01',0.00,0.00,NULL),(10,3,'2',50.00,0.00,'2016-01-03 13:45:20','2016-01-29 03:50:54',0.00,0.00,NULL),(11,3,'3',75.00,0.00,'2016-01-03 13:45:20','2016-01-29 03:50:49',0.00,0.00,NULL),(12,3,'4',0.00,3.00,'2016-01-03 13:45:20','2016-01-29 20:18:09',3.50,38.94,90.00),(13,4,'1',25.00,0.00,'2016-01-03 14:04:49','2016-01-29 03:38:03',0.00,0.00,NULL),(14,4,'2',50.00,0.00,'2016-01-03 14:04:49','2016-01-29 03:37:58',0.00,0.00,NULL),(15,4,'3',75.00,0.00,'2016-01-03 14:04:49','2016-01-29 03:37:52',0.00,0.00,NULL),(16,4,'4',0.00,2.00,'2016-01-03 14:04:49','2016-01-29 20:13:21',11600000000.00,3322746000.00,85.00),(17,5,'1',25.00,0.00,'2016-01-03 14:05:19','2016-01-29 04:05:33',0.00,0.00,NULL),(18,5,'2',50.00,0.00,'2016-01-03 14:05:19','2016-01-29 04:05:34',0.00,0.00,NULL),(19,5,'3',75.00,0.00,'2016-01-03 14:05:19','2016-01-29 13:30:32',0.00,0.00,NULL),(20,5,'4',0.00,2.00,'2016-01-03 14:05:19','2016-01-29 13:30:23',1500000000.00,1240195000.00,NULL),(21,6,'1',25.00,0.00,'2016-01-03 14:05:47','2016-01-29 03:31:06',0.00,0.00,NULL),(22,6,'2',50.00,0.00,'2016-01-03 14:05:47','2016-01-29 03:31:05',0.00,0.00,NULL),(23,6,'3',75.00,0.00,'2016-01-03 14:05:47','2016-01-29 03:31:04',0.00,0.00,NULL),(24,6,'4',0.00,2.00,'2016-01-03 14:05:47','2016-01-29 20:14:26',4000000000.00,756008000.00,85.00),(25,7,'1',25.00,0.00,'2016-01-03 14:06:08','2016-01-29 10:04:41',0.00,0.00,NULL),(26,7,'2',50.00,0.00,'2016-01-03 14:06:08','2016-01-29 20:16:39',0.00,0.00,NULL),(27,7,'3',75.00,0.00,'2016-01-03 14:06:08','2016-01-29 10:04:38',0.00,0.00,NULL),(28,7,'4',0.00,4.00,'2016-01-03 14:06:08','2016-01-29 13:56:07',1292800000.00,237140000.00,85.00),(29,8,'1',25.00,0.00,'2016-01-03 14:06:54','2016-01-29 20:16:09',0.00,0.00,NULL),(30,8,'2',50.00,0.00,'2016-01-03 14:06:54','2016-01-29 20:16:10',0.00,0.00,NULL),(31,8,'3',75.00,0.00,'2016-01-03 14:06:54','2016-01-29 20:16:12',0.00,0.00,NULL),(32,8,'4',0.00,2.00,'2016-01-03 14:06:54','2016-01-29 20:16:13',2150000000.00,322588000.00,90.00),(33,9,'1',25.00,0.00,'2016-01-03 14:07:57','2016-01-29 03:53:51',0.00,0.00,NULL),(34,9,'2',50.00,0.00,'2016-01-03 14:07:57','2016-01-29 03:53:52',0.00,0.00,NULL),(35,9,'3',75.00,0.00,'2016-01-03 14:07:57','2016-01-29 03:53:53',0.00,0.00,NULL),(36,9,'4',0.00,2.00,'2016-01-03 14:07:57','2016-01-29 20:30:22',2600000000.00,1639638000.00,90.00),(37,10,'1',25.00,0.00,'2016-01-03 14:08:05','2016-01-29 03:52:59',0.00,0.00,NULL),(38,10,'2',50.00,0.00,'2016-01-03 14:08:05','2016-01-29 03:52:53',0.00,0.00,NULL),(39,10,'3',75.00,0.00,'2016-01-03 14:08:05','2016-01-29 03:52:48',0.00,0.00,NULL),(40,10,'4',0.00,2.00,'2016-01-03 14:08:05','2016-01-29 20:32:06',2974000000.00,2669117000.00,90.00),(41,11,'1',25.00,0.00,'2016-01-04 16:17:52','2016-01-29 13:20:15',0.00,0.00,NULL),(42,11,'2',50.00,0.00,'2016-01-04 16:17:52','2016-01-29 13:20:13',0.00,0.00,NULL),(43,11,'3',75.00,0.00,'2016-01-04 16:17:52','2016-01-29 13:20:12',0.00,0.00,NULL),(44,11,'4',0.00,34.00,'2016-01-04 16:17:52','2016-01-29 13:20:11',6000000.00,0.00,85.00),(45,12,'1',25.00,0.00,'2016-01-04 16:18:43','2016-01-29 10:02:34',0.00,0.00,NULL),(46,12,'2',50.00,0.00,'2016-01-04 16:18:43','2016-01-29 10:02:33',0.00,0.00,NULL),(47,12,'3',75.00,0.00,'2016-01-04 16:18:43','2016-01-29 10:02:32',0.00,0.00,NULL),(48,12,'4',0.00,6.00,'2016-01-04 16:18:43','2016-01-29 13:34:23',3900000000.00,2935508000.00,86.52),(49,13,'1',25.00,0.00,'2016-01-04 16:18:54','2016-01-29 10:02:59',0.00,0.00,NULL),(50,13,'2',50.00,0.00,'2016-01-04 16:18:54','2016-01-29 10:02:58',0.00,0.00,NULL),(51,13,'3',75.00,0.00,'2016-01-04 16:18:54','2016-01-29 10:02:57',0.00,0.00,NULL),(52,13,'4',0.00,5.00,'2016-01-04 16:18:54','2016-01-29 13:51:18',3900000000.00,309307000.00,86.06),(53,14,'1',25.00,0.00,'2016-01-04 16:26:31','2016-01-29 03:55:17',0.00,0.00,NULL),(54,14,'2',50.00,0.00,'2016-01-04 16:26:31','2016-01-29 03:55:16',0.00,0.00,NULL),(55,14,'3',75.00,0.00,'2016-01-04 16:26:31','2016-01-29 03:55:15',0.00,0.00,NULL),(56,14,'4',0.00,12.00,'2016-01-04 16:26:31','2016-01-29 20:38:06',4000000000.00,1447427000.00,50.00),(57,15,'1',25.00,0.00,'2016-01-04 16:26:58','2016-01-29 03:57:39',0.00,0.00,NULL),(58,15,'2',50.00,0.00,'2016-01-04 16:26:58','2016-01-29 03:57:38',0.00,0.00,NULL),(59,15,'3',75.00,0.00,'2016-01-04 16:26:58','2016-01-29 03:57:36',0.00,0.00,NULL),(60,15,'4',0.00,1.00,'2016-01-04 16:26:58','2016-01-29 20:48:37',3691200000.00,0.00,20.00),(61,16,'1',25.00,0.00,'2016-01-04 16:28:39','2016-01-29 04:01:51',0.00,0.00,NULL),(62,16,'2',50.00,0.00,'2016-01-04 16:28:39','2016-01-29 04:01:50',0.00,0.00,NULL),(63,16,'3',75.00,0.00,'2016-01-04 16:28:39','2016-01-29 04:01:49',0.00,0.00,NULL),(64,16,'4',0.00,38.00,'2016-01-04 16:28:39','2016-01-29 20:47:38',266000000.00,241780000.00,100.00),(65,17,'1',0.00,0.00,'2016-01-05 00:37:00','2016-01-05 00:37:00',0.00,0.00,NULL),(66,17,'2',0.00,0.00,'2016-01-05 00:37:00','2016-01-05 00:37:00',0.00,0.00,NULL),(67,17,'3',0.00,0.00,'2016-01-05 00:37:00','2016-01-05 00:37:00',0.00,0.00,NULL),(68,17,'4',0.00,0.00,'2016-01-05 00:37:00','2016-01-05 00:37:00',0.00,0.00,NULL),(69,18,'1',0.00,0.00,'2016-01-05 00:37:15','2016-01-05 00:37:15',0.00,0.00,NULL),(70,18,'2',0.00,0.00,'2016-01-05 00:37:15','2016-01-05 00:37:15',0.00,0.00,NULL),(71,18,'3',0.00,0.00,'2016-01-05 00:37:15','2016-01-05 00:37:15',0.00,0.00,NULL),(72,18,'4',0.00,0.00,'2016-01-05 00:37:15','2016-01-05 00:37:15',0.00,0.00,NULL),(73,19,'1',1.00,0.00,'2016-01-05 03:58:06','2016-01-05 09:15:05',0.00,0.00,NULL),(74,19,'2',2.00,2.00,'2016-01-05 03:58:06','2016-01-05 09:15:03',0.00,0.00,NULL),(75,19,'3',3.00,3.00,'2016-01-05 03:58:06','2016-01-05 09:15:02',0.00,0.00,NULL),(76,19,'4',4.00,4.00,'2016-01-05 03:58:06','2016-01-05 09:14:58',0.00,0.00,NULL),(77,20,'1',0.00,0.00,'2016-01-05 03:58:56','2016-01-05 03:58:56',0.00,0.00,NULL),(78,20,'2',0.00,0.00,'2016-01-05 03:58:56','2016-01-05 03:58:56',0.00,0.00,NULL),(79,20,'3',0.00,0.00,'2016-01-05 03:58:56','2016-01-05 03:58:56',0.00,0.00,NULL),(80,20,'4',0.00,0.00,'2016-01-05 03:58:56','2016-01-05 03:58:56',0.00,0.00,NULL),(81,21,'1',0.00,0.00,'2016-01-05 03:59:06','2016-01-05 03:59:06',0.00,0.00,NULL),(82,21,'2',0.00,0.00,'2016-01-05 03:59:06','2016-01-05 03:59:06',0.00,0.00,NULL),(83,21,'3',0.00,0.00,'2016-01-05 03:59:06','2016-01-05 03:59:06',0.00,0.00,NULL),(84,21,'4',0.00,0.00,'2016-01-05 03:59:06','2016-01-05 03:59:06',0.00,0.00,NULL),(85,22,'1',0.00,0.00,'2016-01-05 03:59:22','2016-01-05 03:59:22',0.00,0.00,NULL),(86,22,'2',0.00,0.00,'2016-01-05 03:59:22','2016-01-05 03:59:22',0.00,0.00,NULL),(87,22,'3',0.00,0.00,'2016-01-05 03:59:22','2016-01-05 03:59:22',0.00,0.00,NULL),(88,22,'4',0.00,0.00,'2016-01-05 03:59:22','2016-01-05 03:59:22',0.00,0.00,NULL),(89,23,'1',0.00,0.00,'2016-01-05 03:59:50','2016-01-05 03:59:50',0.00,0.00,NULL),(90,23,'2',0.00,0.00,'2016-01-05 03:59:50','2016-01-05 03:59:50',0.00,0.00,NULL),(91,23,'3',0.00,0.00,'2016-01-05 03:59:50','2016-01-05 03:59:50',0.00,0.00,NULL),(92,23,'4',0.00,0.00,'2016-01-05 03:59:50','2016-01-05 03:59:50',0.00,0.00,NULL),(93,24,'1',0.00,0.00,'2016-01-05 04:00:05','2016-01-05 04:00:05',0.00,0.00,NULL),(94,24,'2',0.00,0.00,'2016-01-05 04:00:05','2016-01-05 04:00:05',0.00,0.00,NULL),(95,24,'3',0.00,0.00,'2016-01-05 04:00:05','2016-01-05 04:00:05',0.00,0.00,NULL),(96,24,'4',0.00,0.00,'2016-01-05 04:00:05','2016-01-05 04:00:05',0.00,0.00,NULL),(97,25,'1',0.00,0.00,'2016-01-05 04:00:20','2016-01-05 04:00:20',0.00,0.00,NULL),(98,25,'2',0.00,0.00,'2016-01-05 04:00:20','2016-01-05 04:00:20',0.00,0.00,NULL),(99,25,'3',0.00,0.00,'2016-01-05 04:00:20','2016-01-05 04:00:20',0.00,0.00,NULL),(100,25,'4',0.00,0.00,'2016-01-05 04:00:20','2016-01-05 04:00:20',0.00,0.00,NULL),(101,26,'1',0.00,0.00,'2016-01-05 04:00:54','2016-01-05 04:00:54',0.00,0.00,NULL),(102,26,'2',0.00,0.00,'2016-01-05 04:00:54','2016-01-05 04:00:54',0.00,0.00,NULL),(103,26,'3',0.00,0.00,'2016-01-05 04:00:54','2016-01-05 04:00:54',0.00,0.00,NULL),(104,26,'4',0.00,0.00,'2016-01-05 04:00:54','2016-01-05 04:00:54',0.00,0.00,NULL),(105,27,'1',0.00,0.00,'2016-01-05 04:01:13','2016-01-05 04:01:13',0.00,0.00,NULL),(106,27,'2',0.00,0.00,'2016-01-05 04:01:13','2016-01-05 04:01:13',0.00,0.00,NULL),(107,27,'3',0.00,0.00,'2016-01-05 04:01:13','2016-01-05 04:01:13',0.00,0.00,NULL),(108,27,'4',0.00,0.00,'2016-01-05 04:01:13','2016-01-05 04:01:13',0.00,0.00,NULL),(109,28,'1',0.00,0.00,'2016-01-05 04:01:44','2016-01-05 04:01:44',0.00,0.00,NULL),(110,28,'2',0.00,0.00,'2016-01-05 04:01:44','2016-01-05 04:01:44',0.00,0.00,NULL),(111,28,'3',0.00,0.00,'2016-01-05 04:01:44','2016-01-05 04:01:44',0.00,0.00,NULL),(112,28,'4',0.00,0.00,'2016-01-05 04:01:44','2016-01-05 04:01:44',0.00,0.00,NULL),(113,29,'1',0.00,0.00,'2016-01-05 04:02:09','2016-01-05 04:02:09',0.00,0.00,NULL),(114,29,'2',0.00,0.00,'2016-01-05 04:02:09','2016-01-05 04:02:09',0.00,0.00,NULL),(115,29,'3',0.00,0.00,'2016-01-05 04:02:09','2016-01-05 04:02:09',0.00,0.00,NULL),(116,29,'4',0.00,0.00,'2016-01-05 04:02:09','2016-01-05 04:02:09',0.00,0.00,NULL),(117,30,'1',0.00,0.00,'2016-01-05 04:02:25','2016-01-05 04:02:25',0.00,0.00,NULL),(118,30,'2',0.00,0.00,'2016-01-05 04:02:25','2016-01-05 04:02:25',0.00,0.00,NULL),(119,30,'3',0.00,0.00,'2016-01-05 04:02:25','2016-01-05 04:02:25',0.00,0.00,NULL),(120,30,'4',0.00,0.00,'2016-01-05 04:02:25','2016-01-05 04:02:25',0.00,0.00,NULL),(121,31,'1',0.00,0.00,'2016-01-05 04:02:52','2016-01-05 04:02:52',0.00,0.00,NULL),(122,31,'2',0.00,0.00,'2016-01-05 04:02:52','2016-01-05 04:02:52',0.00,0.00,NULL),(123,31,'3',0.00,0.00,'2016-01-05 04:02:52','2016-01-05 04:02:52',0.00,0.00,NULL),(124,31,'4',0.00,0.00,'2016-01-05 04:02:52','2016-01-05 04:02:52',0.00,0.00,NULL),(125,32,'1',0.00,0.00,'2016-01-05 04:03:15','2016-01-05 04:03:15',0.00,0.00,NULL),(126,32,'2',0.00,0.00,'2016-01-05 04:03:15','2016-01-05 04:03:15',0.00,0.00,NULL),(127,32,'3',0.00,0.00,'2016-01-05 04:03:15','2016-01-05 04:03:15',0.00,0.00,NULL),(128,32,'4',0.00,0.00,'2016-01-05 04:03:15','2016-01-05 04:03:15',0.00,0.00,NULL),(129,33,'1',0.00,0.00,'2016-01-05 06:55:22','2016-01-05 06:55:22',0.00,0.00,NULL),(130,33,'2',0.00,0.00,'2016-01-05 06:55:22','2016-01-05 06:55:22',0.00,0.00,NULL),(131,33,'3',0.00,0.00,'2016-01-05 06:55:22','2016-01-05 06:55:22',0.00,0.00,NULL),(132,33,'4',0.00,0.00,'2016-01-05 06:55:22','2016-01-05 06:55:22',0.00,0.00,NULL),(133,34,'1',0.00,0.00,'2016-01-05 06:55:35','2016-01-05 06:55:35',0.00,0.00,NULL),(134,34,'2',0.00,0.00,'2016-01-05 06:55:35','2016-01-05 06:55:35',0.00,0.00,NULL),(135,34,'3',0.00,0.00,'2016-01-05 06:55:35','2016-01-05 06:55:35',0.00,0.00,NULL),(136,34,'4',0.00,0.00,'2016-01-05 06:55:35','2016-01-05 06:55:35',0.00,0.00,NULL),(137,35,'1',0.00,0.00,'2016-01-05 06:55:54','2016-01-05 06:55:54',0.00,0.00,NULL),(138,35,'2',0.00,0.00,'2016-01-05 06:55:54','2016-01-05 06:55:54',0.00,0.00,NULL),(139,35,'3',0.00,0.00,'2016-01-05 06:55:54','2016-01-05 06:55:54',0.00,0.00,NULL),(140,35,'4',0.00,0.00,'2016-01-05 06:55:54','2016-01-05 06:55:54',0.00,0.00,NULL),(141,36,'1',0.00,0.00,'2016-01-05 06:56:05','2016-01-05 06:56:05',0.00,0.00,NULL),(142,36,'2',0.00,0.00,'2016-01-05 06:56:05','2016-01-05 06:56:05',0.00,0.00,NULL),(143,36,'3',0.00,0.00,'2016-01-05 06:56:05','2016-01-05 06:56:05',0.00,0.00,NULL),(144,36,'4',0.00,0.00,'2016-01-05 06:56:05','2016-01-05 06:56:05',0.00,0.00,NULL),(145,37,'1',0.00,0.00,'2016-01-05 06:56:22','2016-01-05 06:56:22',0.00,0.00,NULL),(146,37,'2',0.00,0.00,'2016-01-05 06:56:22','2016-01-05 06:56:22',0.00,0.00,NULL),(147,37,'3',0.00,0.00,'2016-01-05 06:56:22','2016-01-05 06:56:22',0.00,0.00,NULL),(148,37,'4',0.00,0.00,'2016-01-05 06:56:22','2016-01-05 06:56:22',0.00,0.00,NULL),(149,38,'1',0.00,0.00,'2016-01-05 06:56:42','2016-01-05 06:56:42',0.00,0.00,NULL),(150,38,'2',0.00,0.00,'2016-01-05 06:56:42','2016-01-05 06:56:42',0.00,0.00,NULL),(151,38,'3',0.00,0.00,'2016-01-05 06:56:42','2016-01-05 06:56:42',0.00,0.00,NULL),(152,38,'4',0.00,0.00,'2016-01-05 06:56:42','2016-01-05 06:56:42',0.00,0.00,NULL),(153,39,'1',0.00,0.00,'2016-01-05 06:57:00','2016-01-05 06:57:00',0.00,0.00,NULL),(154,39,'2',0.00,0.00,'2016-01-05 06:57:00','2016-01-05 06:57:00',0.00,0.00,NULL),(155,39,'3',0.00,0.00,'2016-01-05 06:57:00','2016-01-05 06:57:00',0.00,0.00,NULL),(156,39,'4',0.00,0.00,'2016-01-05 06:57:00','2016-01-05 06:57:00',0.00,0.00,NULL),(157,40,'1',0.00,0.00,'2016-01-05 06:57:17','2016-01-05 06:57:17',0.00,0.00,NULL),(158,40,'2',0.00,0.00,'2016-01-05 06:57:17','2016-01-05 06:57:17',0.00,0.00,NULL),(159,40,'3',0.00,0.00,'2016-01-05 06:57:17','2016-01-05 06:57:17',0.00,0.00,NULL),(160,40,'4',0.00,0.00,'2016-01-05 06:57:17','2016-01-05 06:57:17',0.00,0.00,NULL),(161,41,'1',0.00,0.00,'2016-01-05 06:57:32','2016-01-05 06:57:32',0.00,0.00,NULL),(162,41,'2',0.00,0.00,'2016-01-05 06:57:32','2016-01-05 06:57:32',0.00,0.00,NULL),(163,41,'3',0.00,0.00,'2016-01-05 06:57:32','2016-01-05 06:57:32',0.00,0.00,NULL),(164,41,'4',0.00,0.00,'2016-01-05 06:57:32','2016-01-05 06:57:32',0.00,0.00,NULL),(165,42,'1',0.00,0.00,'2016-01-05 06:57:53','2016-01-05 06:57:53',0.00,0.00,NULL),(166,42,'2',0.00,0.00,'2016-01-05 06:57:53','2016-01-05 06:57:53',0.00,0.00,NULL),(167,42,'3',0.00,0.00,'2016-01-05 06:57:53','2016-01-05 06:57:53',0.00,0.00,NULL),(168,42,'4',0.00,0.00,'2016-01-05 06:57:53','2016-01-05 06:57:53',0.00,0.00,NULL),(169,43,'1',0.00,0.00,'2016-01-05 06:58:12','2016-01-05 06:58:12',0.00,0.00,NULL),(170,43,'2',0.00,0.00,'2016-01-05 06:58:12','2016-01-05 06:58:12',0.00,0.00,NULL),(171,43,'3',0.00,0.00,'2016-01-05 06:58:12','2016-01-05 06:58:12',0.00,0.00,NULL),(172,43,'4',0.00,0.00,'2016-01-05 06:58:12','2016-01-05 06:58:12',0.00,0.00,NULL),(173,44,'1',0.00,0.00,'2016-01-05 06:58:25','2016-01-05 06:58:25',0.00,0.00,NULL),(174,44,'2',0.00,0.00,'2016-01-05 06:58:25','2016-01-05 06:58:25',0.00,0.00,NULL),(175,44,'3',0.00,0.00,'2016-01-05 06:58:25','2016-01-05 06:58:25',0.00,0.00,NULL),(176,44,'4',0.00,0.00,'2016-01-05 06:58:25','2016-01-05 06:58:25',0.00,0.00,NULL),(177,45,'1',0.00,0.00,'2016-01-05 06:58:37','2016-01-05 06:58:37',0.00,0.00,NULL),(178,45,'2',0.00,0.00,'2016-01-05 06:58:37','2016-01-05 06:58:37',0.00,0.00,NULL),(179,45,'3',0.00,0.00,'2016-01-05 06:58:37','2016-01-05 06:58:37',0.00,0.00,NULL),(180,45,'4',0.00,0.00,'2016-01-05 06:58:37','2016-01-05 06:58:37',0.00,0.00,NULL),(181,46,'1',0.00,0.00,'2016-01-05 07:00:47','2016-01-05 07:00:47',0.00,0.00,NULL),(182,46,'2',0.00,0.00,'2016-01-05 07:00:47','2016-01-05 07:00:47',0.00,0.00,NULL),(183,46,'3',0.00,0.00,'2016-01-05 07:00:47','2016-01-05 07:00:47',0.00,0.00,NULL),(184,46,'4',0.00,0.00,'2016-01-05 07:00:47','2016-01-05 07:00:47',0.00,0.00,NULL),(185,47,'1',0.00,0.00,'2016-01-05 07:00:58','2016-01-05 07:00:58',0.00,0.00,NULL),(186,47,'2',0.00,0.00,'2016-01-05 07:00:58','2016-01-05 07:00:58',0.00,0.00,NULL),(187,47,'3',0.00,0.00,'2016-01-05 07:00:58','2016-01-05 07:00:58',0.00,0.00,NULL),(188,47,'4',0.00,0.00,'2016-01-05 07:00:58','2016-01-05 07:00:58',0.00,0.00,NULL),(189,48,'1',0.00,0.00,'2016-01-05 07:01:07','2016-01-05 07:01:07',0.00,0.00,NULL),(190,48,'2',0.00,0.00,'2016-01-05 07:01:07','2016-01-05 07:01:07',0.00,0.00,NULL),(191,48,'3',0.00,0.00,'2016-01-05 07:01:07','2016-01-05 07:01:07',0.00,0.00,NULL),(192,48,'4',0.00,0.00,'2016-01-05 07:01:07','2016-01-05 07:01:07',0.00,0.00,NULL),(193,49,'1',0.00,0.00,'2016-01-05 07:01:34','2016-01-05 07:01:34',0.00,0.00,NULL),(194,49,'2',0.00,0.00,'2016-01-05 07:01:34','2016-01-05 07:01:34',0.00,0.00,NULL),(195,49,'3',0.00,0.00,'2016-01-05 07:01:34','2016-01-05 07:01:34',0.00,0.00,NULL),(196,49,'4',0.00,0.00,'2016-01-05 07:01:34','2016-01-05 07:01:34',0.00,0.00,NULL),(197,50,'1',0.00,0.00,'2016-01-05 07:01:41','2016-01-05 07:01:41',0.00,0.00,NULL),(198,50,'2',0.00,0.00,'2016-01-05 07:01:41','2016-01-05 07:01:41',0.00,0.00,NULL),(199,50,'3',0.00,0.00,'2016-01-05 07:01:41','2016-01-05 07:01:41',0.00,0.00,NULL),(200,50,'4',0.00,0.00,'2016-01-05 07:01:41','2016-01-05 07:01:41',0.00,0.00,NULL),(201,51,'1',0.00,0.00,'2016-01-05 12:29:56','2016-01-05 12:29:56',0.00,0.00,NULL),(202,51,'2',0.00,0.00,'2016-01-05 12:29:56','2016-01-05 12:29:56',0.00,0.00,NULL),(203,51,'3',0.00,0.00,'2016-01-05 12:29:56','2016-01-05 12:29:56',0.00,0.00,NULL),(204,51,'4',0.00,0.00,'2016-01-05 12:29:56','2016-01-05 12:29:56',0.00,0.00,NULL),(205,52,'1',0.00,0.00,'2016-01-05 12:30:05','2016-01-05 12:30:05',0.00,0.00,NULL),(206,52,'2',0.00,0.00,'2016-01-05 12:30:05','2016-01-05 12:30:05',0.00,0.00,NULL),(207,52,'3',0.00,0.00,'2016-01-05 12:30:05','2016-01-05 12:30:05',0.00,0.00,NULL),(208,52,'4',0.00,0.00,'2016-01-05 12:30:05','2016-01-05 12:30:05',0.00,0.00,NULL),(209,53,'1',0.00,0.00,'2016-01-05 12:30:25','2016-01-05 12:30:25',0.00,0.00,NULL),(210,53,'2',0.00,0.00,'2016-01-05 12:30:25','2016-01-05 12:30:25',0.00,0.00,NULL),(211,53,'3',0.00,0.00,'2016-01-05 12:30:25','2016-01-05 12:30:25',0.00,0.00,NULL),(212,53,'4',0.00,0.00,'2016-01-05 12:30:25','2016-01-05 12:30:25',0.00,0.00,NULL),(213,54,'1',0.00,0.00,'2016-01-05 12:30:40','2016-01-05 12:30:40',0.00,0.00,NULL),(214,54,'2',0.00,0.00,'2016-01-05 12:30:40','2016-01-05 12:30:40',0.00,0.00,NULL),(215,54,'3',0.00,0.00,'2016-01-05 12:30:40','2016-01-05 12:30:40',0.00,0.00,NULL),(216,54,'4',0.00,0.00,'2016-01-05 12:30:40','2016-01-05 12:30:40',0.00,0.00,NULL),(217,55,'1',0.00,0.00,'2016-01-05 12:31:01','2016-01-05 12:31:01',0.00,0.00,NULL),(218,55,'2',0.00,0.00,'2016-01-05 12:31:01','2016-01-05 12:31:01',0.00,0.00,NULL),(219,55,'3',0.00,0.00,'2016-01-05 12:31:01','2016-01-05 12:31:01',0.00,0.00,NULL),(220,55,'4',0.00,0.00,'2016-01-05 12:31:01','2016-01-05 12:31:01',0.00,0.00,NULL),(221,56,'1',0.00,0.00,'2016-01-05 12:31:21','2016-01-05 12:31:21',0.00,0.00,NULL),(222,56,'2',0.00,0.00,'2016-01-05 12:31:21','2016-01-05 12:31:21',0.00,0.00,NULL),(223,56,'3',0.00,0.00,'2016-01-05 12:31:21','2016-01-05 12:31:21',0.00,0.00,NULL),(224,56,'4',0.00,0.00,'2016-01-05 12:31:21','2016-01-05 12:31:21',0.00,0.00,NULL),(225,57,'1',0.00,0.00,'2016-01-05 12:31:44','2016-01-05 12:31:44',0.00,0.00,NULL),(226,57,'2',0.00,0.00,'2016-01-05 12:31:44','2016-01-05 12:31:44',0.00,0.00,NULL),(227,57,'3',0.00,0.00,'2016-01-05 12:31:44','2016-01-05 12:31:44',0.00,0.00,NULL),(228,57,'4',0.00,0.00,'2016-01-05 12:31:44','2016-01-05 12:31:44',0.00,0.00,NULL),(229,58,'1',0.00,0.00,'2016-01-05 12:31:58','2016-01-05 12:31:58',0.00,0.00,NULL),(230,58,'2',0.00,0.00,'2016-01-05 12:31:58','2016-01-05 12:31:58',0.00,0.00,NULL),(231,58,'3',0.00,0.00,'2016-01-05 12:31:58','2016-01-05 12:31:58',0.00,0.00,NULL),(232,58,'4',0.00,0.00,'2016-01-05 12:31:58','2016-01-05 12:31:58',0.00,0.00,NULL),(233,59,'1',0.00,0.00,'2016-01-05 12:53:21','2016-01-05 12:53:21',0.00,0.00,NULL),(234,59,'2',0.00,0.00,'2016-01-05 12:53:21','2016-01-05 12:53:21',0.00,0.00,NULL),(235,59,'3',0.00,0.00,'2016-01-05 12:53:21','2016-01-05 12:53:21',0.00,0.00,NULL),(236,59,'4',0.00,0.00,'2016-01-05 12:53:21','2016-01-05 12:53:21',0.00,0.00,NULL),(237,60,'1',0.00,0.00,'2016-01-05 12:53:35','2016-01-05 12:53:35',0.00,0.00,NULL),(238,60,'2',0.00,0.00,'2016-01-05 12:53:35','2016-01-05 12:53:35',0.00,0.00,NULL),(239,60,'3',0.00,0.00,'2016-01-05 12:53:35','2016-01-05 12:53:35',0.00,0.00,NULL),(240,60,'4',0.00,0.00,'2016-01-05 12:53:35','2016-01-05 12:53:35',0.00,0.00,NULL),(241,61,'1',0.00,0.00,'2016-01-05 12:53:43','2016-01-05 12:53:43',0.00,0.00,NULL),(242,61,'2',0.00,0.00,'2016-01-05 12:53:43','2016-01-05 12:53:43',0.00,0.00,NULL),(243,61,'3',0.00,0.00,'2016-01-05 12:53:43','2016-01-05 12:53:43',0.00,0.00,NULL),(244,61,'4',0.00,0.00,'2016-01-05 12:53:43','2016-01-05 12:53:43',0.00,0.00,NULL),(245,62,'1',0.00,0.00,'2016-01-05 12:54:02','2016-01-05 12:54:02',0.00,0.00,NULL),(246,62,'2',0.00,0.00,'2016-01-05 12:54:02','2016-01-05 12:54:02',0.00,0.00,NULL),(247,62,'3',0.00,0.00,'2016-01-05 12:54:02','2016-01-05 12:54:02',0.00,0.00,NULL),(248,62,'4',0.00,0.00,'2016-01-05 12:54:02','2016-01-05 12:54:02',0.00,0.00,NULL),(249,63,'1',1.00,0.00,'2016-01-05 12:54:35','2016-01-18 14:25:08',0.00,0.00,NULL),(250,63,'2',2.00,0.00,'2016-01-05 12:54:35','2016-01-18 14:25:07',0.00,0.00,NULL),(251,63,'3',4.00,0.00,'2016-01-05 12:54:35','2016-01-18 14:25:06',0.00,0.00,NULL),(252,63,'4',6.00,0.00,'2016-01-05 12:54:35','2016-01-18 14:25:04',0.00,0.00,NULL),(253,64,'1',0.00,0.00,'2016-01-05 12:54:46','2016-01-05 12:54:46',0.00,0.00,NULL),(254,64,'2',0.00,0.00,'2016-01-05 12:54:46','2016-01-05 12:54:46',0.00,0.00,NULL),(255,64,'3',0.00,0.00,'2016-01-05 12:54:46','2016-01-05 12:54:46',0.00,0.00,NULL),(256,64,'4',0.00,0.00,'2016-01-05 12:54:46','2016-01-05 12:54:46',0.00,0.00,NULL),(257,65,'1',0.00,0.00,'2016-01-05 12:55:00','2016-01-05 12:55:00',0.00,0.00,NULL),(258,65,'2',0.00,0.00,'2016-01-05 12:55:00','2016-01-05 12:55:00',0.00,0.00,NULL),(259,65,'3',0.00,0.00,'2016-01-05 12:55:00','2016-01-05 12:55:00',0.00,0.00,NULL),(260,65,'4',0.00,0.00,'2016-01-05 12:55:00','2016-01-05 12:55:00',0.00,0.00,NULL),(261,66,'1',0.00,0.00,'2016-01-05 12:55:13','2016-01-05 12:55:13',0.00,0.00,NULL),(262,66,'2',0.00,0.00,'2016-01-05 12:55:13','2016-01-05 12:55:13',0.00,0.00,NULL),(263,66,'3',0.00,0.00,'2016-01-05 12:55:13','2016-01-05 12:55:13',0.00,0.00,NULL),(264,66,'4',0.00,0.00,'2016-01-05 12:55:13','2016-01-05 12:55:13',0.00,0.00,NULL),(265,67,'1',0.00,0.00,'2016-01-05 12:55:25','2016-01-05 12:55:25',0.00,0.00,NULL),(266,67,'2',0.00,0.00,'2016-01-05 12:55:25','2016-01-05 12:55:25',0.00,0.00,NULL),(267,67,'3',0.00,0.00,'2016-01-05 12:55:25','2016-01-05 12:55:25',0.00,0.00,NULL),(268,67,'4',0.00,0.00,'2016-01-05 12:55:25','2016-01-05 12:55:25',0.00,0.00,NULL),(269,68,'1',0.00,0.00,'2016-01-05 12:55:42','2016-01-05 12:55:42',0.00,0.00,NULL),(270,68,'2',0.00,0.00,'2016-01-05 12:55:42','2016-01-05 12:55:42',0.00,0.00,NULL),(271,68,'3',0.00,0.00,'2016-01-05 12:55:42','2016-01-05 12:55:42',0.00,0.00,NULL),(272,68,'4',0.00,0.00,'2016-01-05 12:55:42','2016-01-05 12:55:42',0.00,0.00,NULL),(273,69,'1',0.00,0.00,'2016-01-05 12:55:52','2016-01-05 12:55:52',0.00,0.00,NULL),(274,69,'2',0.00,0.00,'2016-01-05 12:55:52','2016-01-05 12:55:52',0.00,0.00,NULL),(275,69,'3',0.00,0.00,'2016-01-05 12:55:52','2016-01-05 12:55:52',0.00,0.00,NULL),(276,69,'4',0.00,0.00,'2016-01-05 12:55:52','2016-01-05 12:55:52',0.00,0.00,NULL),(281,71,'1',0.00,0.00,'2016-01-06 01:04:41','2016-01-06 01:04:41',0.00,0.00,NULL),(282,71,'2',0.00,0.00,'2016-01-06 01:04:41','2016-01-06 01:04:41',0.00,0.00,NULL),(283,71,'3',0.00,0.00,'2016-01-06 01:04:41','2016-01-06 01:04:41',0.00,0.00,NULL),(284,71,'4',0.00,0.00,'2016-01-06 01:04:41','2016-01-06 01:04:41',0.00,0.00,NULL),(285,72,'1',0.00,0.00,'2016-01-06 01:05:09','2016-01-06 01:05:09',0.00,0.00,NULL),(286,72,'2',0.00,0.00,'2016-01-06 01:05:09','2016-01-06 01:05:09',0.00,0.00,NULL),(287,72,'3',0.00,0.00,'2016-01-06 01:05:09','2016-01-06 01:05:09',0.00,0.00,NULL),(288,72,'4',0.00,0.00,'2016-01-06 01:05:09','2016-01-06 01:05:09',0.00,0.00,NULL),(289,73,'1',0.00,0.00,'2016-01-07 04:07:25','2016-01-07 04:07:25',0.00,0.00,NULL),(290,73,'2',0.00,0.00,'2016-01-07 04:07:25','2016-01-07 04:07:25',0.00,0.00,NULL),(291,73,'3',0.00,0.00,'2016-01-07 04:07:25','2016-01-07 04:07:25',0.00,0.00,NULL),(292,73,'4',0.00,0.00,'2016-01-07 04:07:25','2016-01-07 04:07:25',0.00,0.00,NULL),(293,74,'1',0.00,0.00,'2016-01-07 04:07:47','2016-01-07 04:07:47',0.00,0.00,NULL),(294,74,'2',0.00,0.00,'2016-01-07 04:07:47','2016-01-07 04:07:47',0.00,0.00,NULL),(295,74,'3',0.00,0.00,'2016-01-07 04:07:47','2016-01-07 04:07:47',0.00,0.00,NULL),(296,74,'4',0.00,0.00,'2016-01-07 04:07:47','2016-01-07 04:07:47',0.00,0.00,NULL),(297,75,'1',0.00,0.00,'2016-01-07 04:08:10','2016-01-07 04:08:10',0.00,0.00,NULL),(298,75,'2',0.00,0.00,'2016-01-07 04:08:10','2016-01-07 04:08:10',0.00,0.00,NULL),(299,75,'3',0.00,0.00,'2016-01-07 04:08:10','2016-01-07 04:08:10',0.00,0.00,NULL),(300,75,'4',0.00,0.00,'2016-01-07 04:08:10','2016-01-07 04:08:10',0.00,0.00,NULL),(301,76,'1',0.00,0.00,'2016-01-07 04:08:32','2016-01-07 04:08:32',0.00,0.00,NULL),(302,76,'2',0.00,0.00,'2016-01-07 04:08:32','2016-01-07 04:08:32',0.00,0.00,NULL),(303,76,'3',0.00,0.00,'2016-01-07 04:08:32','2016-01-07 04:08:32',0.00,0.00,NULL),(304,76,'4',0.00,0.00,'2016-01-07 04:08:32','2016-01-07 04:08:32',0.00,0.00,NULL),(305,77,'1',0.00,0.00,'2016-01-07 04:08:51','2016-01-07 04:08:51',0.00,0.00,NULL),(306,77,'2',0.00,0.00,'2016-01-07 04:08:51','2016-01-07 04:08:51',0.00,0.00,NULL),(307,77,'3',0.00,0.00,'2016-01-07 04:08:51','2016-01-07 04:08:51',0.00,0.00,NULL),(308,77,'4',0.00,0.00,'2016-01-07 04:08:51','2016-01-07 04:08:51',0.00,0.00,NULL),(309,78,'1',0.00,0.00,'2016-01-07 04:09:05','2016-01-07 04:09:05',0.00,0.00,NULL),(310,78,'2',0.00,0.00,'2016-01-07 04:09:05','2016-01-07 04:09:05',0.00,0.00,NULL),(311,78,'3',0.00,0.00,'2016-01-07 04:09:05','2016-01-07 04:09:05',0.00,0.00,NULL),(312,78,'4',0.00,0.00,'2016-01-07 04:09:05','2016-01-07 04:09:05',0.00,0.00,NULL),(313,79,'1',0.00,0.00,'2016-01-07 04:09:33','2016-01-07 04:09:33',0.00,0.00,NULL),(314,79,'2',0.00,0.00,'2016-01-07 04:09:33','2016-01-07 04:09:33',0.00,0.00,NULL),(315,79,'3',0.00,0.00,'2016-01-07 04:09:33','2016-01-07 04:09:33',0.00,0.00,NULL),(316,79,'4',0.00,0.00,'2016-01-07 04:09:33','2016-01-07 04:09:33',0.00,0.00,NULL),(317,80,'1',0.00,0.00,'2016-01-07 04:09:45','2016-01-07 04:09:45',0.00,0.00,NULL),(318,80,'2',0.00,0.00,'2016-01-07 04:09:45','2016-01-07 04:09:45',0.00,0.00,NULL),(319,80,'3',0.00,0.00,'2016-01-07 04:09:45','2016-01-07 04:09:45',0.00,0.00,NULL),(320,80,'4',0.00,0.00,'2016-01-07 04:09:45','2016-01-07 04:09:45',0.00,0.00,NULL),(321,81,'1',0.00,0.00,'2016-01-16 13:58:30','2016-01-16 13:58:30',0.00,0.00,NULL),(322,81,'2',0.00,0.00,'2016-01-16 13:58:30','2016-01-16 13:58:30',0.00,0.00,NULL),(323,81,'3',0.00,0.00,'2016-01-16 13:58:30','2016-01-16 13:58:30',0.00,0.00,NULL),(324,81,'4',0.00,0.00,'2016-01-16 13:58:30','2016-01-16 13:58:30',0.00,0.00,NULL),(325,82,'1',0.00,0.00,'2016-01-16 13:58:55','2016-01-16 13:58:55',0.00,0.00,NULL),(326,82,'2',0.00,0.00,'2016-01-16 13:58:55','2016-01-16 13:58:55',0.00,0.00,NULL),(327,82,'3',0.00,0.00,'2016-01-16 13:58:55','2016-01-16 13:58:55',0.00,0.00,NULL),(328,82,'4',0.00,0.00,'2016-01-16 13:58:55','2016-01-16 13:58:55',0.00,0.00,NULL),(329,83,'1',0.00,0.00,'2016-01-16 13:59:13','2016-01-16 13:59:13',0.00,0.00,NULL),(330,83,'2',0.00,0.00,'2016-01-16 13:59:13','2016-01-16 13:59:13',0.00,0.00,NULL),(331,83,'3',0.00,0.00,'2016-01-16 13:59:13','2016-01-16 13:59:13',0.00,0.00,NULL),(332,83,'4',0.00,0.00,'2016-01-16 13:59:13','2016-01-16 13:59:13',0.00,0.00,NULL),(333,84,'1',0.00,0.00,'2016-01-16 13:59:34','2016-01-16 13:59:34',0.00,0.00,NULL),(334,84,'2',0.00,0.00,'2016-01-16 13:59:34','2016-01-16 13:59:34',0.00,0.00,NULL),(335,84,'3',0.00,0.00,'2016-01-16 13:59:34','2016-01-16 13:59:34',0.00,0.00,NULL),(336,84,'4',0.00,0.00,'2016-01-16 13:59:34','2016-01-16 13:59:34',0.00,0.00,NULL),(337,85,'1',0.00,0.00,'2016-01-16 14:00:59','2016-01-16 14:00:59',0.00,0.00,NULL),(338,85,'2',1.00,1.00,'2016-01-16 14:00:59','2016-01-16 19:52:07',0.00,0.00,NULL),(339,85,'3',1.00,2.00,'2016-01-16 14:00:59','2016-01-16 19:52:27',0.00,0.00,NULL),(340,85,'4',2.00,3.00,'2016-01-16 14:00:59','2016-01-16 19:52:20',0.00,0.00,NULL),(341,86,'1',0.00,0.00,'2016-01-16 14:01:11','2016-01-16 14:01:11',0.00,0.00,NULL),(342,86,'2',0.00,0.00,'2016-01-16 14:01:11','2016-01-16 14:01:11',0.00,0.00,NULL),(343,86,'3',0.00,0.00,'2016-01-16 14:01:11','2016-01-16 14:01:11',0.00,0.00,NULL),(344,86,'4',0.00,0.00,'2016-01-16 14:01:11','2016-01-16 14:01:11',0.00,0.00,NULL),(345,87,'1',0.00,0.00,'2016-01-16 14:01:33','2016-01-16 14:01:33',0.00,0.00,NULL),(346,87,'2',0.00,0.00,'2016-01-16 14:01:33','2016-01-16 14:01:33',0.00,0.00,NULL),(347,87,'3',0.00,0.00,'2016-01-16 14:01:33','2016-01-16 14:01:33',0.00,0.00,NULL),(348,87,'4',0.00,0.00,'2016-01-16 14:01:33','2016-01-16 14:01:33',0.00,0.00,NULL),(349,88,'1',0.00,0.00,'2016-01-16 14:02:14','2016-01-16 14:02:14',0.00,0.00,NULL),(350,88,'2',0.00,0.00,'2016-01-16 14:02:14','2016-01-16 14:02:14',0.00,0.00,NULL),(351,88,'3',0.00,0.00,'2016-01-16 14:02:14','2016-01-16 14:02:14',0.00,0.00,NULL),(352,88,'4',0.00,0.00,'2016-01-16 14:02:14','2016-01-16 14:02:14',0.00,0.00,NULL),(353,89,'1',0.00,0.00,'2016-01-16 14:02:39','2016-01-16 14:02:39',0.00,0.00,NULL),(354,89,'2',0.00,0.00,'2016-01-16 14:02:39','2016-01-16 14:02:39',0.00,0.00,NULL),(355,89,'3',0.00,0.00,'2016-01-16 14:02:39','2016-01-16 14:02:39',0.00,0.00,NULL),(356,89,'4',0.00,0.00,'2016-01-16 14:02:39','2016-01-16 14:02:39',0.00,0.00,NULL),(357,90,'1',0.00,0.00,'2016-01-16 14:03:16','2016-01-16 14:03:16',0.00,0.00,NULL),(358,90,'2',0.00,0.00,'2016-01-16 14:03:16','2016-01-16 14:03:16',0.00,0.00,NULL),(359,90,'3',0.00,0.00,'2016-01-16 14:03:16','2016-01-16 14:03:16',0.00,0.00,NULL),(360,90,'4',0.00,0.00,'2016-01-16 14:03:16','2016-01-16 14:03:16',0.00,0.00,NULL),(361,91,'1',0.00,0.00,'2016-01-16 14:04:10','2016-01-16 14:04:10',0.00,0.00,NULL),(362,91,'2',0.00,0.00,'2016-01-16 14:04:10','2016-01-16 14:04:10',0.00,0.00,NULL),(363,91,'3',0.00,0.00,'2016-01-16 14:04:10','2016-01-16 14:04:10',0.00,0.00,NULL),(364,91,'4',0.00,0.00,'2016-01-16 14:04:10','2016-01-16 14:04:10',0.00,0.00,NULL),(365,92,'1',0.00,0.00,'2016-01-16 14:04:39','2016-01-16 14:04:39',0.00,0.00,NULL),(366,92,'2',0.00,0.00,'2016-01-16 14:04:39','2016-01-16 14:04:39',0.00,0.00,NULL),(367,92,'3',0.00,0.00,'2016-01-16 14:04:39','2016-01-16 14:04:39',0.00,0.00,NULL),(368,92,'4',0.00,0.00,'2016-01-16 14:04:39','2016-01-16 14:04:39',0.00,0.00,NULL),(369,93,'1',0.00,0.00,'2016-01-16 14:05:07','2016-01-16 14:05:07',0.00,0.00,NULL),(370,93,'2',0.00,0.00,'2016-01-16 14:05:07','2016-01-16 14:05:07',0.00,0.00,NULL),(371,93,'3',0.00,0.00,'2016-01-16 14:05:07','2016-01-16 14:05:07',0.00,0.00,NULL),(372,93,'4',0.00,0.00,'2016-01-16 14:05:07','2016-01-16 14:05:07',0.00,0.00,NULL),(373,94,'1',0.00,0.00,'2016-01-16 14:05:52','2016-01-16 14:05:52',0.00,0.00,NULL),(374,94,'2',0.00,0.00,'2016-01-16 14:05:52','2016-01-16 14:05:52',0.00,0.00,NULL),(375,94,'3',0.00,0.00,'2016-01-16 14:05:52','2016-01-16 14:05:52',0.00,0.00,NULL),(376,94,'4',0.00,0.00,'2016-01-16 14:05:52','2016-01-16 14:05:52',0.00,0.00,NULL),(377,95,'1',0.00,0.00,'2016-01-16 14:06:45','2016-01-16 14:06:45',0.00,0.00,NULL),(378,95,'2',0.00,0.00,'2016-01-16 14:06:45','2016-01-16 14:06:45',0.00,0.00,NULL),(379,95,'3',0.00,0.00,'2016-01-16 14:06:45','2016-01-16 14:06:45',0.00,0.00,NULL),(380,95,'4',0.00,0.00,'2016-01-16 14:06:45','2016-01-16 14:06:45',0.00,0.00,NULL),(381,96,'1',0.00,0.00,'2016-01-16 14:07:46','2016-01-16 14:07:46',0.00,0.00,NULL),(382,96,'2',0.00,0.00,'2016-01-16 14:07:46','2016-01-16 14:07:46',0.00,0.00,NULL),(383,96,'3',0.00,0.00,'2016-01-16 14:07:46','2016-01-16 14:07:46',0.00,0.00,NULL),(384,96,'4',0.00,0.00,'2016-01-16 14:07:46','2016-01-16 14:07:46',0.00,0.00,NULL);
/*!40000 ALTER TABLE `achievements` ENABLE KEYS */;
UNLOCK TABLES;

--
-- Table structure for table `activities`
--

DROP TABLE IF EXISTS `activities`;
/*!40101 SET @saved_cs_client     = @@character_set_client */;
/*!40101 SET character_set_client = utf8 */;
CREATE TABLE `activities` (
  `id` int(10) unsigned NOT NULL AUTO_INCREMENT,
  `program_id` int(10) unsigned NOT NULL,
  `unit_id` int(10) unsigned NOT NULL,
  `name` varchar(255) COLLATE utf8_unicode_ci NOT NULL,
  `created_at` timestamp NOT NULL DEFAULT '0000-00-00 00:00:00',
  `updated_at` timestamp NOT NULL DEFAULT '0000-00-00 00:00:00',
  `in_agreement` tinyint(1) NOT NULL DEFAULT '1',
  PRIMARY KEY (`id`),
  KEY `activities_program_id_foreign` (`program_id`),
  KEY `activities_unit_id_foreign` (`unit_id`),
  CONSTRAINT `activities_program_id_foreign` FOREIGN KEY (`program_id`) REFERENCES `programs` (`id`) ON DELETE CASCADE,
  CONSTRAINT `activities_unit_id_foreign` FOREIGN KEY (`unit_id`) REFERENCES `units` (`id`) ON DELETE CASCADE
) ENGINE=InnoDB AUTO_INCREMENT=8 DEFAULT CHARSET=utf8 COLLATE=utf8_unicode_ci;
/*!40101 SET character_set_client = @saved_cs_client */;

--
-- Dumping data for table `activities`
--

LOCK TABLES `activities` WRITE;
/*!40000 ALTER TABLE `activities` DISABLE KEYS */;
INSERT INTO `activities` VALUES (1,1,2,'Dukungan Manajemen Penyelenggaraan Penyediaan Perumahan','2016-01-03 18:18:38','2016-01-03 18:18:38',1),(2,1,3,'Penyusunan Perencanaan Penyediaan Perumahan','2016-01-03 18:35:16','2016-01-04 21:16:30',1),(3,1,4,'Penyediaan Rumah Susun','2016-01-05 05:46:44','2016-01-05 11:54:20',1),(4,1,7,'Pembinaan dan Pengembangan Rumah Umum dan Komersial','2016-01-05 11:53:50','2016-01-05 11:54:10',1),(5,1,5,'Pengembangan Rumah Khusus dan Negara','2016-01-05 17:37:33','2016-01-05 17:38:35',1),(6,1,5,'Penyediaan Rumah Khusus','2016-01-05 17:38:01','2016-01-05 17:38:27',1),(7,1,6,'Pemberdayaan Perumahan Swadaya','2016-01-06 10:48:10','2016-01-06 10:49:38',1);
/*!40000 ALTER TABLE `activities` ENABLE KEYS */;
UNLOCK TABLES;

--
-- Table structure for table `agreement_media`
--

DROP TABLE IF EXISTS `agreement_media`;
/*!40101 SET @saved_cs_client     = @@character_set_client */;
/*!40101 SET character_set_client = utf8 */;
CREATE TABLE `agreement_media` (
  `agreement_id` int(10) unsigned NOT NULL,
  `media_id` int(10) unsigned NOT NULL,
  `created_at` timestamp NOT NULL DEFAULT '0000-00-00 00:00:00',
  `updated_at` timestamp NOT NULL DEFAULT '0000-00-00 00:00:00',
  UNIQUE KEY `agreement_media_agreement_id_media_id_unique` (`agreement_id`,`media_id`),
  KEY `agreement_media_media_id_foreign` (`media_id`),
  CONSTRAINT `agreement_media_agreement_id_foreign` FOREIGN KEY (`agreement_id`) REFERENCES `agreements` (`id`) ON DELETE CASCADE,
  CONSTRAINT `agreement_media_media_id_foreign` FOREIGN KEY (`media_id`) REFERENCES `media` (`id`) ON DELETE CASCADE
) ENGINE=InnoDB DEFAULT CHARSET=utf8 COLLATE=utf8_unicode_ci;
/*!40101 SET character_set_client = @saved_cs_client */;

--
-- Dumping data for table `agreement_media`
--

LOCK TABLES `agreement_media` WRITE;
/*!40000 ALTER TABLE `agreement_media` DISABLE KEYS */;
INSERT INTO `agreement_media` VALUES (2,1,'2016-01-04 21:34:03','2016-01-04 21:34:03'),(3,2,'2016-01-05 09:11:12','2016-01-05 09:11:12'),(5,2,'2016-01-05 17:34:20','2016-01-05 17:34:20'),(6,2,'2016-01-05 18:50:27','2016-01-05 18:50:27');
/*!40000 ALTER TABLE `agreement_media` ENABLE KEYS */;
UNLOCK TABLES;

--
-- Table structure for table `agreements`
--

DROP TABLE IF EXISTS `agreements`;
/*!40101 SET @saved_cs_client     = @@character_set_client */;
/*!40101 SET character_set_client = utf8 */;
CREATE TABLE `agreements` (
  `id` int(10) unsigned NOT NULL AUTO_INCREMENT,
  `plan_id` int(10) unsigned NOT NULL,
  `first_position_id` int(10) unsigned NOT NULL,
  `second_position_id` int(10) unsigned NOT NULL,
  `year` int(10) unsigned NOT NULL,
  `date` date NOT NULL,
  `type` enum('program','activity') COLLATE utf8_unicode_ci NOT NULL,
  `type_id` int(10) unsigned NOT NULL,
  `created_at` timestamp NOT NULL DEFAULT '0000-00-00 00:00:00',
  `updated_at` timestamp NOT NULL DEFAULT '0000-00-00 00:00:00',
  PRIMARY KEY (`id`),
  KEY `agreements_plan_id_foreign` (`plan_id`),
  KEY `agreements_first_position_id_foreign` (`first_position_id`),
  KEY `agreements_second_position_id_foreign` (`second_position_id`),
  CONSTRAINT `agreements_first_position_id_foreign` FOREIGN KEY (`first_position_id`) REFERENCES `positions` (`id`) ON DELETE CASCADE,
  CONSTRAINT `agreements_plan_id_foreign` FOREIGN KEY (`plan_id`) REFERENCES `plans` (`id`) ON DELETE CASCADE,
  CONSTRAINT `agreements_second_position_id_foreign` FOREIGN KEY (`second_position_id`) REFERENCES `positions` (`id`) ON DELETE CASCADE
) ENGINE=InnoDB AUTO_INCREMENT=23 DEFAULT CHARSET=utf8 COLLATE=utf8_unicode_ci;
/*!40101 SET character_set_client = @saved_cs_client */;

--
-- Dumping data for table `agreements`
--

LOCK TABLES `agreements` WRITE;
/*!40000 ALTER TABLE `agreements` DISABLE KEYS */;
INSERT INTO `agreements` VALUES (2,1,2,1,2015,'2015-06-01','program',0,'2016-01-03 18:40:02','2016-01-03 18:40:02'),(3,1,3,1,2015,'2015-06-01','program',0,'2016-01-05 05:22:29','2016-01-05 05:22:29'),(5,1,7,1,2015,'2015-06-01','program',0,'2016-01-05 17:28:23','2016-01-05 17:28:23'),(6,1,4,1,2015,'2015-06-01','program',0,'2016-01-05 17:41:48','2016-01-06 05:11:30'),(7,1,1,1,2015,'2015-06-01','program',0,'2016-01-06 06:00:58','2016-01-06 06:00:58'),(12,1,6,1,2015,'2015-12-28','program',0,'2016-01-06 11:11:33','2016-01-06 11:11:33'),(20,1,5,1,2015,'2015-06-01','program',0,'2016-01-17 05:47:54','2016-01-17 05:47:54');
/*!40000 ALTER TABLE `agreements` ENABLE KEYS */;
UNLOCK TABLES;

--
-- Table structure for table `budgets`
--

DROP TABLE IF EXISTS `budgets`;
/*!40101 SET @saved_cs_client     = @@character_set_client */;
/*!40101 SET character_set_client = utf8 */;
CREATE TABLE `budgets` (
  `id` int(10) unsigned NOT NULL AUTO_INCREMENT,
  `activity_id` int(10) unsigned NOT NULL,
  `year` int(10) unsigned NOT NULL,
  `pagu` double(15,2) NOT NULL,
  `realization` double(15,2) NOT NULL,
  `created_at` timestamp NOT NULL DEFAULT '0000-00-00 00:00:00',
  `updated_at` timestamp NOT NULL DEFAULT '0000-00-00 00:00:00',
  PRIMARY KEY (`id`),
  UNIQUE KEY `budgets_activity_id_year_unique` (`activity_id`,`year`),
  CONSTRAINT `budgets_activity_id_foreign` FOREIGN KEY (`activity_id`) REFERENCES `activities` (`id`) ON DELETE CASCADE
) ENGINE=InnoDB AUTO_INCREMENT=9 DEFAULT CHARSET=utf8 COLLATE=utf8_unicode_ci;
/*!40101 SET character_set_client = @saved_cs_client */;

--
-- Dumping data for table `budgets`
--

LOCK TABLES `budgets` WRITE;
/*!40000 ALTER TABLE `budgets` DISABLE KEYS */;
INSERT INTO `budgets` VALUES (1,2,2015,59507000000.00,26560911000.00,'2016-01-03 18:51:48','2016-01-29 21:16:40'),(2,1,2015,191491852000.00,0.00,'2016-01-05 05:23:04','2016-01-05 05:36:12'),(3,3,2015,4033898414000.00,0.00,'2016-01-05 12:00:10','2016-01-05 12:00:29'),(4,4,2015,392832634000.00,0.00,'2016-01-05 17:28:39','2016-01-05 17:29:11'),(5,6,2015,878250000000.00,0.00,'2016-01-05 17:56:28','2016-01-05 17:56:49'),(6,5,2015,57990000000.00,0.00,'2016-01-05 17:56:52','2016-01-29 21:01:34'),(7,2,2016,109507000000.00,0.00,'2016-01-16 18:57:25','2016-01-17 15:17:50'),(8,7,2015,1515800000.00,0.00,'2016-01-16 19:24:26','2016-01-17 05:32:10');
/*!40000 ALTER TABLE `budgets` ENABLE KEYS */;
UNLOCK TABLES;

--
-- Table structure for table `education`
--

DROP TABLE IF EXISTS `education`;
/*!40101 SET @saved_cs_client     = @@character_set_client */;
/*!40101 SET character_set_client = utf8 */;
CREATE TABLE `education` (
  `id` int(10) unsigned NOT NULL AUTO_INCREMENT,
  `staff_id` int(10) unsigned NOT NULL,
  `level` enum('smp','sma','d3','s1','s2','s3') COLLATE utf8_unicode_ci NOT NULL,
  `institution` varchar(255) COLLATE utf8_unicode_ci NOT NULL,
  `major` varchar(255) COLLATE utf8_unicode_ci NOT NULL,
  `created_at` timestamp NOT NULL DEFAULT '0000-00-00 00:00:00',
  `updated_at` timestamp NOT NULL DEFAULT '0000-00-00 00:00:00',
  PRIMARY KEY (`id`),
  KEY `education_staff_id_foreign` (`staff_id`)
) ENGINE=InnoDB AUTO_INCREMENT=96 DEFAULT CHARSET=utf8 COLLATE=utf8_unicode_ci;
/*!40101 SET character_set_client = @saved_cs_client */;

--
-- Dumping data for table `education`
--

LOCK TABLES `education` WRITE;
/*!40000 ALTER TABLE `education` DISABLE KEYS */;
INSERT INTO `education` VALUES (2,10,'s1','','Planologi','2016-01-26 20:02:17','2016-01-26 20:02:17'),(3,7,'sma','','','2016-01-26 20:08:00','2016-01-26 20:08:00'),(4,9,'s1','','Planologi','2016-01-26 20:08:43','2016-01-26 20:08:43'),(5,8,'s1','','Planologi','2016-01-26 20:09:06','2016-01-26 20:09:06'),(6,3,'s1','','Ilmu Tanah','2016-01-26 20:09:28','2016-01-26 20:09:28'),(7,3,'s1','','Ilmu Tanah','2016-01-26 20:11:14','2016-01-26 20:11:14'),(8,2,'s1','','Teknik Sipil','2016-01-26 20:12:03','2016-01-26 20:12:03'),(9,2,'s2','','Urban Management','2016-01-26 20:12:21','2016-01-26 20:12:21'),(10,11,'s1','','Teknik Sipil','2016-01-26 20:12:51','2016-01-26 20:12:51'),(11,5,'s2','','Planologi','2016-01-26 20:13:27','2016-01-26 20:13:27'),(12,5,'s1','','Planologi','2016-01-26 20:13:42','2016-01-26 20:13:42'),(13,12,'s1','','Arsitektur','2016-01-26 20:14:10','2016-01-27 18:28:58'),(14,13,'s1','','Akuntansi','2016-01-26 20:14:38','2016-01-26 20:14:38'),(15,6,'s1','','Planologi','2016-01-26 20:16:26','2016-01-26 20:16:26'),(16,4,'s1','','Teknik Elektro','2016-01-26 20:17:04','2016-01-26 20:17:04'),(17,4,'s2','','Manajemen','2016-01-26 20:17:13','2016-01-26 20:17:13'),(18,19,'s1','','Planologi','2016-01-27 11:08:10','2016-01-27 11:08:10'),(19,20,'s1','','Ekonomi Pembangunan ','2016-01-27 11:09:14','2016-01-27 11:09:14'),(20,16,'s1','','Ekonomi','2016-01-27 11:09:48','2016-01-27 11:09:48'),(21,16,'s2','','Studi Pembangunan','2016-01-27 11:10:02','2016-01-27 11:10:02'),(22,14,'s1','','Planologi','2016-01-27 11:10:41','2016-01-27 11:10:41'),(23,14,'s2','','Planologi','2016-01-27 11:10:50','2016-01-27 11:10:50'),(24,18,'s1','','Planologi','2016-01-27 11:12:07','2016-01-27 11:12:07'),(25,18,'s1','','','2016-01-27 11:12:11','2016-01-27 11:12:11'),(26,17,'s2','','Perencanaan','2016-01-27 11:12:55','2016-01-27 11:12:55'),(27,17,'s1','','Administrasi Publik','2016-01-27 11:13:07','2016-01-27 11:13:07'),(28,15,'s2','','Planologi','2016-01-27 11:13:52','2016-01-27 11:13:52'),(29,15,'s1','','Sipil','2016-01-27 11:14:03','2016-01-27 11:14:03'),(30,18,'s1','','Planologi','2016-01-27 11:16:25','2016-01-27 11:16:25'),(31,14,'s3','','Lingkungan','2016-01-27 11:17:41','2016-01-27 11:17:41'),(32,27,'s1','','Planologi','2016-01-27 17:44:46','2016-01-27 17:44:46'),(33,21,'s1','','Administrasi Publik','2016-01-27 17:45:27','2016-01-27 17:45:27'),(34,21,'s2','','Master of Community Planning','2016-01-27 17:45:50','2016-01-27 17:45:50'),(35,26,'s1','','Planologi','2016-01-27 17:46:26','2016-01-27 17:46:26'),(36,22,'s1','','Planologi','2016-01-27 17:48:19','2016-01-27 17:48:19'),(37,22,'s2','','Administrasi Publik','2016-01-27 17:48:32','2016-01-27 17:48:32'),(38,23,'s1','','Sipil','2016-01-27 17:49:27','2016-01-27 17:49:27'),(39,23,'s2','','Administrasi Publik','2016-01-27 17:49:38','2016-01-27 17:49:38'),(40,24,'s1','','Arsitektur','2016-01-27 17:51:02','2016-01-27 17:51:02'),(42,28,'s1','','Planologi','2016-01-27 18:06:38','2016-01-27 18:06:38'),(43,29,'s1','','Hukum','2016-01-27 18:07:06','2016-01-27 18:07:06'),(44,34,'s1','','Planologi','2016-01-27 18:18:31','2016-01-27 18:18:31'),(45,33,'s1','','Planologi','2016-01-27 18:19:05','2016-01-27 18:19:05'),(46,31,'s1','','Arsitektur','2016-01-27 18:19:37','2016-01-27 18:19:37'),(47,31,'s2','','Planologi','2016-01-27 18:19:49','2016-01-27 18:19:49'),(48,30,'s1','','Arsitektur','2016-01-27 18:20:19','2016-01-27 18:20:19'),(49,30,'s2','','Planologi','2016-01-27 18:20:27','2016-01-27 18:20:27'),(50,30,'s3','','Planologi','2016-01-27 18:20:36','2016-01-27 18:20:36'),(51,35,'s1','','Ekonomi','2016-01-27 18:21:35','2016-01-27 18:21:35'),(52,32,'s1','','Planologi','2016-01-27 18:22:19','2016-01-27 18:22:19'),(53,32,'s2','','Planologi','2016-01-27 18:22:27','2016-01-27 18:22:27'),(54,36,'s1','','Statistik','2016-01-27 18:23:02','2016-01-27 18:23:02'),(55,40,'s1','','Pertanian','2016-01-27 18:23:38','2016-01-27 18:23:38'),(56,39,'s1','','Arsitektur','2016-01-27 18:24:48','2016-01-27 18:24:48'),(57,37,'s1','','Geodesi','2016-01-27 18:25:35','2016-01-27 18:25:35'),(59,41,'s1','','Ekonomi','2016-01-27 18:37:01','2016-01-27 18:37:01'),(60,42,'s1','','Manajemen','2016-01-27 18:37:49','2016-01-27 18:37:49'),(61,42,'s2','','Manajemen','2016-01-27 18:37:58','2016-01-27 18:37:58'),(62,47,'s1','','Planologi','2016-01-27 18:39:08','2016-01-27 18:39:08'),(63,47,'s2','','Kajian Pengembangan Perkotaan','2016-01-27 18:39:37','2016-01-27 18:39:37'),(64,45,'s1','','Teknik Informatika','2016-01-27 18:40:09','2016-01-27 18:40:09'),(65,38,'d3','','Geografi','2016-01-27 18:42:33','2016-01-27 18:42:33'),(66,38,'s1','','Geografi','2016-01-27 18:43:41','2016-01-27 18:43:41'),(67,44,'s1','','SAP','2016-01-27 18:46:20','2016-01-27 18:46:20'),(68,43,'s1','','Teknik Sipil','2016-01-27 18:46:53','2016-01-27 18:46:53'),(69,43,'s2','','Teknik Sipil','2016-01-27 18:47:02','2016-01-27 18:47:02'),(70,46,'s1','','Matematika','2016-01-27 18:47:40','2016-01-27 18:47:40'),(71,48,'s1','','Planologi','2016-01-27 18:48:36','2016-01-27 18:48:36'),(72,49,'s1','','Manajemen Perusahaan','2016-01-27 18:54:36','2016-01-27 20:08:00'),(73,25,'d3','','Manajemen Pemasaran','2016-01-27 18:58:02','2016-01-27 18:58:02'),(74,52,'s1','','Manajemen','2016-01-27 19:56:23','2016-01-27 19:56:23'),(75,51,'d3','','Sekretaris','2016-01-27 19:57:01','2016-01-27 20:10:57'),(76,50,'sma','','SLTA','2016-01-27 19:57:33','2016-01-27 20:06:32'),(77,53,'sma','','SLTA','2016-01-27 19:58:22','2016-01-27 19:58:22'),(78,54,'s1','','Akuntansi','2016-01-27 19:58:52','2016-01-27 19:58:52'),(79,55,'sma','','SLTA','2016-01-27 19:59:23','2016-01-27 19:59:23'),(80,60,'sma','','SLTA','2016-01-27 20:28:10','2016-01-27 20:28:10'),(81,59,'s1','','Ilmu Komunikasi (advertising)','2016-01-27 20:28:45','2016-01-27 20:28:45'),(82,58,'sma','','SLTA','2016-01-27 20:29:11','2016-01-27 20:29:11'),(83,56,'sma','','SLTA','2016-01-27 20:29:36','2016-01-27 20:29:36'),(84,61,'s1','','Manajemen','2016-01-27 20:30:16','2016-01-27 20:30:16'),(85,57,'sma','','SLTA','2016-01-27 20:30:44','2016-01-27 20:30:44'),(86,62,'sma','','SLTA','2016-01-27 20:31:19','2016-01-27 20:31:19'),(87,64,'s1','','Akuntansi','2016-01-27 20:31:49','2016-01-27 20:31:49'),(88,65,'d3','','Perbankan','2016-01-27 20:32:21','2016-01-27 20:32:21'),(89,63,'s1','','Perpajakan','2016-01-27 20:32:55','2016-01-27 20:32:55'),(90,68,'sma','','SLTA','2016-01-27 20:39:49','2016-01-27 20:39:49'),(91,67,'sma','','SLTA','2016-01-27 20:40:08','2016-01-27 20:40:08'),(92,66,'sma','','SLTA','2016-01-27 20:40:27','2016-01-27 20:40:27'),(93,69,'sma','','SLTA','2016-01-27 20:40:49','2016-01-27 20:40:49'),(94,70,'sma','','SLTA','2016-01-27 20:41:14','2016-01-27 20:41:14'),(95,71,'sma','','SLTA','2016-01-29 04:27:52','2016-01-29 04:27:52');
/*!40000 ALTER TABLE `education` ENABLE KEYS */;
UNLOCK TABLES;

--
-- Table structure for table `evaluations`
--

DROP TABLE IF EXISTS `evaluations`;
/*!40101 SET @saved_cs_client     = @@character_set_client */;
/*!40101 SET character_set_client = utf8 */;
CREATE TABLE `evaluations` (
  `id` int(10) unsigned NOT NULL AUTO_INCREMENT,
  `activity_id` int(10) unsigned NOT NULL,
  `year` int(10) unsigned NOT NULL,
  `issue` text COLLATE utf8_unicode_ci NOT NULL,
  `solutions` text COLLATE utf8_unicode_ci NOT NULL,
  `created_at` timestamp NOT NULL DEFAULT '0000-00-00 00:00:00',
  `updated_at` timestamp NOT NULL DEFAULT '0000-00-00 00:00:00',
  PRIMARY KEY (`id`),
  KEY `evaluations_activity_id_foreign` (`activity_id`),
  CONSTRAINT `evaluations_activity_id_foreign` FOREIGN KEY (`activity_id`) REFERENCES `activities` (`id`) ON DELETE CASCADE
) ENGINE=InnoDB AUTO_INCREMENT=2 DEFAULT CHARSET=utf8 COLLATE=utf8_unicode_ci;
/*!40101 SET character_set_client = @saved_cs_client */;

--
-- Dumping data for table `evaluations`
--

LOCK TABLES `evaluations` WRITE;
/*!40000 ALTER TABLE `evaluations` DISABLE KEYS */;
INSERT INTO `evaluations` VALUES (1,2,2015,'<ol><li>Akibat penggabungan Kementrian PUPR maka mengakibatkan nomenklatur yang berubah dan pengisian jabatan sehingga kegiatan efektif dilaksanakan pada bulan 2015</li><li>Keterlambatan penerbitan DIPA 2015 (akhir april 2015)</li><li>Pelaksanan Dekonsentrasi kurang optimal kurang lebih dilakukan selama 3 (bulan) dikarenakan waktu pelaksanaan Dekonsentrasi sangat singkat (pemblokirannya dibuka pada bulan Agustus) serta SDM yang terbatas dan belum berpengalaman</li><li>Minim nya sarana dan prasana</li><li>Pendataan terkait RTLH dan data backlog perumahan be;um optimal</li><li>Perencanaan pengembangan kawasan lingkungan hunian masih belum dapat diimplementasikan secara optimal dikarenakan keterbatasan lahan</li></ol>','<ol><li>Mempercepat turunnya DIPA tahun 2016</li><li>Melaksanakan pelelangan dini</li><li>Meningkatkan peran pemerintah Daerah melalui Dekonsentrasi</li><li>Melakukan MOU dengan BPS</li><li>Stakeholder pendataan lebih berperan aktif dalam pengalaman data</li><li>Perlu dilakukan pelatihan peningkatan kapasitas dan kualitas SDM bidang perumahan</li><li>Memfasiltasi penyusunan RP3KP melalui Dekonsentrasi dan Rencana Rinci Pengembangan Lingkungan Hunian Skala Besar dan Bukan Skala Besar</li><li>Penambahan sarana dan prasarana sesuai dengan kebutuhan</li></ol>','2016-01-09 22:13:47','2016-01-17 05:42:19');
/*!40000 ALTER TABLE `evaluations` ENABLE KEYS */;
UNLOCK TABLES;

--
-- Table structure for table `goal_details`
--

DROP TABLE IF EXISTS `goal_details`;
/*!40101 SET @saved_cs_client     = @@character_set_client */;
/*!40101 SET character_set_client = utf8 */;
CREATE TABLE `goal_details` (
  `id` int(10) unsigned NOT NULL AUTO_INCREMENT,
  `goal_id` int(10) unsigned NOT NULL,
  `description` text COLLATE utf8_unicode_ci,
  `created_at` timestamp NOT NULL DEFAULT '0000-00-00 00:00:00',
  `updated_at` timestamp NOT NULL DEFAULT '0000-00-00 00:00:00',
  PRIMARY KEY (`id`),
  KEY `goal_details_goal_id_foreign` (`goal_id`),
  CONSTRAINT `goal_details_goal_id_foreign` FOREIGN KEY (`goal_id`) REFERENCES `goals` (`id`) ON DELETE CASCADE
) ENGINE=InnoDB AUTO_INCREMENT=81 DEFAULT CHARSET=utf8 COLLATE=utf8_unicode_ci;
/*!40101 SET character_set_client = @saved_cs_client */;

--
-- Dumping data for table `goal_details`
--

LOCK TABLES `goal_details` WRITE;
/*!40000 ALTER TABLE `goal_details` DISABLE KEYS */;
INSERT INTO `goal_details` VALUES (1,73,NULL,'2016-01-28 19:23:33','2016-01-28 19:23:33'),(2,73,NULL,'2016-01-28 19:23:33','2016-01-28 19:23:33'),(3,73,NULL,'2016-01-28 19:23:33','2016-01-28 19:23:33'),(4,5,'Penyusunan Pedoman Monitoring dan Evaluasi Dekonsentrasi Bidang Perumahan','2016-01-28 23:27:08','2016-01-29 00:21:07'),(5,5,'Penyusunan Pedoman Monitoring dan Evaluasi Lingkup Direktorat Jenderal Penyediaan Perumahan','2016-01-28 23:27:08','2016-01-29 00:20:40'),(6,1,'Pembuatan Audio Visual Kebijakan dan Strategi Penyediaan Perumahan','2016-01-29 00:02:53','2016-01-29 00:07:17'),(7,1,'Penyusunan Pedoman Umum Spesifikasi Teknis dan Harga Satuan Bangunan Penyediaan Perumahan','2016-01-29 00:02:53','2016-01-29 00:07:48'),(8,1,'Riviu SPM Bidang Perumahan Rakyat','2016-01-29 00:02:53','2016-01-29 00:08:58'),(9,1,'Penyiapan Masukan Sistem Karir Perumanan (Housing Career System)','2016-01-29 00:02:53','2016-01-29 00:05:43'),(10,1,'Penyiapan Masukan Kebijakan dan Strategi Pembangunan Jangka Panjang Bidang Perumahan','2016-01-29 00:02:53','2016-01-29 00:03:46'),(11,2,'Fasilitasi dan Koordinasi Pelaksanaan Pembangunan Bidang Perumahan TA 2015','2016-01-29 00:11:00','2016-01-29 00:12:22'),(12,2,'Penyusunan SOP Bidang Perencanaan Penyediaan Perumahan','2016-01-29 00:11:00','2016-01-29 00:12:48'),(13,2,'Koordinasi Perencanaan Pembangunan Perumahan di Daerah (Rakortek Dirjen Penyediaan Perumahan','2016-01-29 00:11:00','2016-01-29 00:12:01'),(14,2,'Penyusunan Dokumen Program dan Anggaran Tahun 2016','2016-01-29 00:11:00','2016-01-29 00:11:41'),(15,8,'Fasilitasi Pengelolaan Kegiatan PHLN','2016-01-29 00:14:08','2016-01-29 00:15:03'),(16,8,'Koordinasi dan Kemitraan Penyediaan Perumahan Nasional','2016-01-29 00:14:08','2016-01-29 00:14:36'),(17,4,'Fasilitasi Penyiapan Dekonsentrasi Bidang Perumahan Tahun 2016','2016-01-29 00:18:35','2016-01-29 00:19:12'),(18,4,'Dukungan Pelaksanaan Sinergitas Perencanaan Perumahan melalui Dekonsentrasi Perumahan','2016-01-29 00:18:35','2016-01-29 00:18:49'),(19,6,'Monitoring dan Evaluasi Dekonsentrasi Bidang Perumahan Tahun 2015','2016-01-29 00:21:57','2016-01-29 00:22:47'),(20,6,'Monitoring dan Evaluasi Kegiatan Fisik Lapangan','2016-01-29 00:21:57','2016-01-29 00:22:25'),(21,7,'Fasilitasi Penyusunan Pelaporan Bidang Perumahan','2016-01-29 00:23:54','2016-01-29 00:24:58'),(22,7,'Penyusunan Laporan Kinerja Dekonsentrasi Perencanaan Bidang Perumahan Tahun 2015','2016-01-29 00:23:54','2016-01-29 00:25:22'),(23,7,'Penyusunan Laporan Kinerja Direktorat Perencanaan Penyediaan Perumahan Tahun 2015 (Eselon II) Tahun 2015','2016-01-29 00:23:54','2016-01-29 00:24:39'),(24,7,'Penyusunan Laporan Kinerja Direktorat Jenderal Penyediaan Perumahan Tahun 2015','2016-01-29 00:23:54','2016-01-29 00:24:20'),(25,3,'Penyusunan Pendataan Perumahan dan Permukiman Nasional','2016-01-29 00:27:20','2016-01-29 00:28:16'),(26,3,'Penyusunan Profil Perumahan','2016-01-29 00:27:20','2016-01-29 00:28:36'),(27,3,'Fasilitasi Pelaksanaan Pengelolaan Data Perumahan dan Kawasan Permukiman','2016-01-29 00:27:20','2016-01-29 00:27:56'),(28,9,'Pembangunan Sistem Informasi Usulan Bantuan Program Ditjen Penyediaan Perumahan','2016-01-29 00:29:58','2016-01-29 00:30:58'),(29,9,'Dukungan Teknologi Informasi Dirjen Penyediaan Perumahan','2016-01-29 00:29:58','2016-01-29 00:30:38'),(30,10,'Pembangunan Aplikasi Sistem Informasi Perumahan (e-housing)','2016-01-29 00:35:33','2016-01-29 00:36:15'),(31,10,'Penyiapan dan Penetapan Ketentuan dan Tata Cara Penyelenggaraan Housing Information Center','2016-01-29 00:35:33','2016-01-29 00:35:51'),(32,13,'Penyusunan Rencana Rinci Pengembangan Lingkungan Hunian Skala Besar Kota Malang','2016-01-29 00:37:30','2016-01-29 00:38:57'),(33,13,'Penyusunan Materi Teknis Pedoman Penyusunan Rencana Rinci\r\nPengembangan Lingkungan Hunian Skala Besar','2016-01-29 00:37:30','2016-01-29 00:39:16'),(34,13,'Penyusunan Dokumen Identifikasi Potensi Lokasi Rencana\r\nPengembangan Lingkungan Hunian Skala Besar Bagi MBR dan MBM','2016-01-29 00:37:30','2016-01-29 00:39:37'),(35,13,'Penyusunan Rencana Rinci Pengembangan Lingkungan Hunian Skala Besar Kota Balikpapan','2016-01-29 00:37:30','2016-01-29 00:38:35'),(36,13,'Penyusunan Rencana Rinci Pengembangan Lingkungan Hunian Skala Besar Kabupaten Nias','2016-01-29 00:37:30','2016-01-29 00:38:13'),(37,12,'Penyusunan Rencana Rinci Pengembangan Lingkungan Hunian Bukan Skala Besar Kabupaten Barito Kuala','2016-01-29 00:40:22','2016-01-29 00:41:59'),(38,12,'Kajian Teknis Penyusunan Rancangan Masterplan Penyediaan Perumahan di Kawasan Metropolitan Bandung Raya','2016-01-29 00:40:22','2016-01-29 00:42:19'),(39,12,'Penyusunan Materi Teknis Pedoman Penyusunan Rencana Rinci Pengembangan Lingkungan Hunian Bukan Skala Besar','2016-01-29 00:40:22','2016-01-29 00:42:38'),(40,12,'Penyusunan Rencana Rinci Pengembangan Lingkungan Hunian Bukan Skala Besar Kota Pontianak','2016-01-29 00:40:22','2016-01-29 00:41:42'),(41,12,'Penyusunan Rencana Rinci Pengembangan Lingkungan Hunian Bukan Skala Besar Kota Jambi','2016-01-29 00:40:22','2016-01-29 00:40:57'),(42,12,'Penyusunan Rencana Rinci Pengembangan Lingkungan Hunian Bukan Skala Besar Kota Palu','2016-01-29 00:40:22','2016-01-29 00:41:20'),(43,16,NULL,'2016-01-29 00:44:47','2016-01-29 00:44:47'),(44,16,NULL,'2016-01-29 00:44:48','2016-01-29 00:44:48'),(45,16,NULL,'2016-01-29 00:44:48','2016-01-29 00:44:48'),(46,16,NULL,'2016-01-29 00:44:48','2016-01-29 00:44:48'),(47,16,NULL,'2016-01-29 00:44:48','2016-01-29 00:44:48'),(48,16,NULL,'2016-01-29 00:44:48','2016-01-29 00:44:48'),(49,16,NULL,'2016-01-29 00:44:48','2016-01-29 00:44:48'),(50,16,NULL,'2016-01-29 00:44:48','2016-01-29 00:44:48'),(51,16,NULL,'2016-01-29 00:44:48','2016-01-29 00:44:48'),(52,16,NULL,'2016-01-29 00:44:48','2016-01-29 00:44:48'),(53,16,NULL,'2016-01-29 00:44:48','2016-01-29 00:44:48'),(54,16,NULL,'2016-01-29 00:44:48','2016-01-29 00:44:48'),(55,16,NULL,'2016-01-29 00:44:48','2016-01-29 00:44:48'),(56,16,NULL,'2016-01-29 00:44:48','2016-01-29 00:44:48'),(57,16,NULL,'2016-01-29 00:44:48','2016-01-29 00:44:48'),(58,16,NULL,'2016-01-29 00:44:48','2016-01-29 00:44:48'),(59,16,NULL,'2016-01-29 00:44:48','2016-01-29 00:44:48'),(60,16,NULL,'2016-01-29 00:44:48','2016-01-29 00:44:48'),(61,16,NULL,'2016-01-29 00:44:48','2016-01-29 00:44:48'),(62,16,NULL,'2016-01-29 00:44:48','2016-01-29 00:44:48'),(63,16,NULL,'2016-01-29 00:44:48','2016-01-29 00:44:48'),(64,16,NULL,'2016-01-29 00:44:48','2016-01-29 00:44:48'),(65,16,'Printer warna = 3 unit','2016-01-29 00:44:48','2016-01-29 00:47:08'),(66,16,'Printer black / white = 10 unit ','2016-01-29 00:44:48','2016-01-29 00:47:32'),(67,16,'Proyektor = 1 Unit','2016-01-29 00:44:48','2016-01-29 00:46:07'),(68,16,'Komputer PC = 18 unit','2016-01-29 00:44:48','2016-01-29 00:45:24'),(69,16,NULL,'2016-01-29 00:44:48','2016-01-29 00:44:48'),(70,16,'Laptop = 6 unit','2016-01-29 00:44:48','2016-01-29 00:45:48'),(71,16,NULL,'2016-01-29 00:44:48','2016-01-29 00:44:48'),(72,16,NULL,'2016-01-29 00:44:48','2016-01-29 00:44:48'),(73,16,NULL,'2016-01-29 00:44:48','2016-01-29 00:44:48'),(74,16,NULL,'2016-01-29 00:44:48','2016-01-29 00:44:48'),(75,16,NULL,'2016-01-29 00:44:48','2016-01-29 00:44:48'),(76,16,NULL,'2016-01-29 00:44:48','2016-01-29 00:44:48'),(77,16,NULL,'2016-01-29 00:44:48','2016-01-29 00:44:48'),(78,16,NULL,'2016-01-29 00:44:48','2016-01-29 00:44:48'),(79,16,NULL,'2016-01-29 00:44:48','2016-01-29 00:44:48'),(80,16,NULL,'2016-01-29 00:44:48','2016-01-29 00:44:48');
/*!40000 ALTER TABLE `goal_details` ENABLE KEYS */;
UNLOCK TABLES;

--
-- Table structure for table `goals`
--

DROP TABLE IF EXISTS `goals`;
/*!40101 SET @saved_cs_client     = @@character_set_client */;
/*!40101 SET character_set_client = utf8 */;
CREATE TABLE `goals` (
  `id` int(10) unsigned NOT NULL AUTO_INCREMENT,
  `indicator_id` int(10) unsigned NOT NULL,
  `year` int(10) unsigned NOT NULL,
  `count` double NOT NULL,
  `created_at` timestamp NOT NULL DEFAULT '0000-00-00 00:00:00',
  `updated_at` timestamp NOT NULL DEFAULT '0000-00-00 00:00:00',
  `with_detail` tinyint(1) NOT NULL,
  PRIMARY KEY (`id`),
  KEY `goals_indicator_id_foreign` (`indicator_id`),
  CONSTRAINT `goals_indicator_id_foreign` FOREIGN KEY (`indicator_id`) REFERENCES `indicators` (`id`) ON DELETE CASCADE
) ENGINE=InnoDB AUTO_INCREMENT=97 DEFAULT CHARSET=utf8 COLLATE=utf8_unicode_ci;
/*!40101 SET character_set_client = @saved_cs_client */;

--
-- Dumping data for table `goals`
--

LOCK TABLES `goals` WRITE;
/*!40000 ALTER TABLE `goals` DISABLE KEYS */;
INSERT INTO `goals` VALUES (1,3,2015,5,'2016-01-03 18:45:06','2016-01-29 00:02:53',1),(2,4,2015,4,'2016-01-03 18:45:14','2016-01-29 00:11:00',1),(3,5,2015,3,'2016-01-03 18:45:20','2016-01-29 00:27:20',1),(4,9,2015,2,'2016-01-03 19:04:49','2016-01-29 00:18:35',1),(5,10,2015,2,'2016-01-03 19:05:19','2016-01-28 23:27:08',1),(6,11,2015,2,'2016-01-03 19:05:47','2016-01-29 00:21:57',1),(7,12,2015,4,'2016-01-03 19:06:08','2016-01-29 00:23:54',1),(8,8,2015,2,'2016-01-03 19:06:54','2016-01-29 00:14:08',1),(9,6,2015,2,'2016-01-03 19:07:57','2016-01-29 00:29:58',1),(10,7,2015,2,'2016-01-03 19:08:05','2016-01-29 00:35:33',1),(11,18,2015,34,'2016-01-04 21:17:52','2016-01-04 21:17:58',0),(12,14,2015,6,'2016-01-04 21:18:43','2016-01-29 00:40:22',1),(13,13,2015,5,'2016-01-04 21:18:54','2016-01-29 00:37:30',1),(14,15,2015,12,'2016-01-04 21:26:31','2016-01-04 21:26:36',0),(15,17,2015,1,'2016-01-04 21:26:58','2016-01-04 21:27:04',0),(16,16,2015,38,'2016-01-04 21:28:39','2016-01-29 00:44:47',1),(17,1,2015,4,'2016-01-05 05:37:00','2016-01-05 05:37:05',0),(18,2,2015,2,'2016-01-05 05:37:15','2016-01-05 05:37:20',0),(19,19,2015,4,'2016-01-05 08:58:06','2016-01-05 08:58:19',0),(20,23,2015,3,'2016-01-05 08:58:56','2016-01-05 08:59:02',0),(21,27,2015,3,'2016-01-05 08:59:06','2016-01-05 08:59:19',0),(22,21,2015,4,'2016-01-05 08:59:22','2016-01-05 08:59:46',0),(23,22,2015,5,'2016-01-05 08:59:50','2016-01-05 09:00:02',0),(24,20,2015,8,'2016-01-05 09:00:05','2016-01-05 09:00:16',0),(25,25,2015,3,'2016-01-05 09:00:20','2016-01-05 09:00:38',0),(26,24,2015,6,'2016-01-05 09:00:54','2016-01-05 09:00:58',0),(27,28,2015,1,'2016-01-05 09:01:13','2016-01-05 09:01:19',0),(28,26,2015,1,'2016-01-05 09:01:44','2016-01-05 09:01:50',0),(29,29,2015,12,'2016-01-05 09:02:09','2016-01-05 09:02:16',0),(30,32,2015,1,'2016-01-05 09:02:25','2016-01-05 09:02:33',0),(31,31,2015,1,'2016-01-05 09:02:52','2016-01-05 09:02:58',0),(32,30,2015,1,'2016-01-05 09:03:15','2016-01-05 09:03:28',0),(33,33,2015,7,'2016-01-05 11:55:22','2016-01-05 11:55:26',0),(34,34,2015,5,'2016-01-05 11:55:35','2016-01-05 11:55:39',0),(35,35,2015,2,'2016-01-05 11:55:54','2016-01-05 11:55:58',0),(36,36,2015,3,'2016-01-05 11:56:05','2016-01-05 11:56:13',0),(37,37,2015,7,'2016-01-05 11:56:22','2016-01-05 11:56:28',0),(38,38,2015,5,'2016-01-05 11:56:42','2016-01-05 11:56:47',0),(39,39,2015,2,'2016-01-05 11:57:00','2016-01-05 11:57:07',0),(40,40,2015,2,'2016-01-05 11:57:17','2016-01-05 11:57:21',0),(41,41,2015,3,'2016-01-05 11:57:32','2016-01-05 11:57:38',0),(42,42,2015,3,'2016-01-05 11:57:53','2016-01-05 11:58:02',0),(43,43,2015,2,'2016-01-05 11:58:12','2016-01-05 11:58:18',0),(44,44,2015,10,'2016-01-05 11:58:25','2016-01-05 11:58:30',0),(45,45,2015,12,'2016-01-05 11:58:37','2016-01-05 11:58:41',0),(46,46,2015,9500,'2016-01-05 12:00:47','2016-01-05 12:00:55',0),(47,47,2015,11200,'2016-01-05 12:00:58','2016-01-05 12:01:05',0),(48,48,2015,12,'2016-01-05 12:01:07','2016-01-05 12:01:12',0),(49,49,2015,11000,'2016-01-05 12:01:34','2016-01-05 12:01:39',0),(50,50,2015,12,'2016-01-05 12:01:41','2016-01-05 12:01:47',0),(51,55,2015,6,'2016-01-05 17:29:56','2016-01-05 17:30:02',0),(52,53,2015,7,'2016-01-05 17:30:05','2016-01-05 17:30:18',0),(53,51,2015,8,'2016-01-05 17:30:25','2016-01-05 17:30:32',0),(54,52,2015,6,'2016-01-05 17:30:40','2016-01-05 17:30:45',0),(55,54,2015,6,'2016-01-05 17:31:01','2016-01-05 17:31:07',0),(56,56,2015,12,'2016-01-05 17:31:21','2016-01-05 17:31:26',0),(57,57,2015,40700,'2016-01-05 17:31:44','2016-01-05 17:31:53',0),(58,58,2015,12,'2016-01-05 17:31:58','2016-01-05 17:32:05',0),(59,60,2015,4615,'2016-01-05 17:53:21','2016-01-05 17:53:30',0),(60,61,2015,1000,'2016-01-05 17:53:35','2016-01-05 17:53:40',0),(61,62,2015,2410,'2016-01-05 17:53:43','2016-01-05 17:53:58',0),(62,63,2015,12,'2016-01-05 17:54:02','2016-01-05 17:54:07',0),(63,64,2015,6,'2016-01-05 17:54:35','2016-01-05 17:54:40',0),(64,65,2015,16,'2016-01-05 17:54:46','2016-01-05 17:54:52',0),(65,66,2015,9,'2016-01-05 17:55:00','2016-01-05 17:55:05',0),(66,67,2015,19,'2016-01-05 17:55:13','2016-01-05 17:55:17',0),(67,68,2015,10,'2016-01-05 17:55:25','2016-01-05 17:55:33',0),(68,69,2015,3,'2016-01-05 17:55:42','2016-01-05 17:55:49',0),(69,70,2015,12,'2016-01-05 17:55:52','2016-01-05 17:55:57',0),(71,71,2015,0.63,'2016-01-06 06:04:41','2016-01-07 09:05:48',0),(72,72,2015,1.47,'2016-01-06 06:05:09','2016-01-07 09:06:33',0),(73,74,2015,3,'2016-01-07 09:07:25','2016-01-28 19:23:33',1),(74,73,2015,4,'2016-01-07 09:07:47','2016-01-07 09:07:53',0),(75,75,2015,150000,'2016-01-07 09:08:10','2016-01-07 09:08:20',0),(76,76,2015,4,'2016-01-07 09:08:32','2016-01-07 09:08:40',0),(77,77,2015,4,'2016-01-07 09:08:51','2016-01-07 09:08:58',0),(78,78,2015,1,'2016-01-07 09:09:05','2016-01-07 09:09:09',0),(79,79,2015,20000,'2016-01-07 09:09:33','2016-01-07 09:09:41',0),(80,80,2015,50000,'2016-01-07 09:09:45','2016-01-07 09:10:00',0),(81,18,2016,5,'2016-01-16 18:58:30','2016-01-16 18:58:47',0),(82,10,2016,4,'2016-01-16 18:58:55','2016-01-16 18:59:09',0),(83,14,2016,2,'2016-01-16 18:59:13','2016-01-16 18:59:30',0),(84,13,2016,4,'2016-01-16 18:59:34','2016-01-16 19:00:07',0),(85,3,2016,2,'2016-01-16 19:00:58','2016-01-16 19:01:06',0),(86,4,2016,2,'2016-01-16 19:01:11','2016-01-16 19:01:29',0),(87,12,2016,4,'2016-01-16 19:01:33','2016-01-16 19:02:05',0),(88,8,2016,2,'2016-01-16 19:02:14','2016-01-16 19:02:30',0),(89,11,2016,2,'2016-01-16 19:02:39','2016-01-16 19:03:06',0),(90,9,2016,5,'2016-01-16 19:03:16','2016-01-16 19:03:30',0),(91,5,2016,5,'2016-01-16 19:04:10','2016-01-16 19:04:31',0),(92,7,2016,6,'2016-01-16 19:04:39','2016-01-16 19:04:52',0),(93,6,2016,2,'2016-01-16 19:05:07','2016-01-16 19:05:45',0),(94,15,2016,12,'2016-01-16 19:05:52','2016-01-16 19:06:36',0),(95,17,2016,1,'2016-01-16 19:06:45','2016-01-16 19:06:53',0),(96,16,2016,38,'2016-01-16 19:07:46','2016-01-16 19:07:59',0);
/*!40000 ALTER TABLE `goals` ENABLE KEYS */;
UNLOCK TABLES;
/*!50003 SET @saved_cs_client      = @@character_set_client */ ;
/*!50003 SET @saved_cs_results     = @@character_set_results */ ;
/*!50003 SET @saved_col_connection = @@collation_connection */ ;
/*!50003 SET character_set_client  = utf8 */ ;
/*!50003 SET character_set_results = utf8 */ ;
/*!50003 SET collation_connection  = utf8_unicode_ci */ ;
/*!50003 SET @saved_sql_mode       = @@sql_mode */ ;
/*!50003 SET sql_mode              = '' */ ;
DELIMITER ;;
/*!50003 CREATE*/ /*!50017 DEFINER=`root`@`localhost`*/ /*!50003 TRIGGER `insert_achievement_quarter_trigger` AFTER INSERT ON `goals`
            FOR EACH ROW BEGIN

                insert into achievements (`goal_id`, `quarter`, `plan`, `realization`, `created_at`, `updated_at`)
                values (NEW.id, 1, 0, 0, NOW(), NOW());

                insert into achievements (`goal_id`, `quarter`, `plan`, `realization`, `created_at`, `updated_at`)
                values (NEW.id, 2, 0, 0, NOW(), NOW());

                insert into achievements (`goal_id`, `quarter`, `plan`, `realization`, `created_at`, `updated_at`)
                values (NEW.id, 3, 0, 0, NOW(), NOW());

                insert into achievements (`goal_id`, `quarter`, `plan`, `realization`, `created_at`, `updated_at`)
                values (NEW.id, 4, 0, 0, NOW(), NOW());

            END */;;
DELIMITER ;
/*!50003 SET sql_mode              = @saved_sql_mode */ ;
/*!50003 SET character_set_client  = @saved_cs_client */ ;
/*!50003 SET character_set_results = @saved_cs_results */ ;
/*!50003 SET collation_connection  = @saved_col_connection */ ;

--
-- Table structure for table `indicators`
--

DROP TABLE IF EXISTS `indicators`;
/*!40101 SET @saved_cs_client     = @@character_set_client */;
/*!40101 SET character_set_client = utf8 */;
CREATE TABLE `indicators` (
  `id` int(10) unsigned NOT NULL AUTO_INCREMENT,
  `target_id` int(10) unsigned NOT NULL,
  `name` varchar(255) COLLATE utf8_unicode_ci NOT NULL,
  `unit` varchar(255) COLLATE utf8_unicode_ci NOT NULL,
  `location` varchar(255) COLLATE utf8_unicode_ci NOT NULL,
  `created_at` timestamp NOT NULL DEFAULT '0000-00-00 00:00:00',
  `updated_at` timestamp NOT NULL DEFAULT '0000-00-00 00:00:00',
  PRIMARY KEY (`id`),
  KEY `indicators_target_id_foreign` (`target_id`),
  CONSTRAINT `indicators_target_id_foreign` FOREIGN KEY (`target_id`) REFERENCES `targets` (`id`) ON DELETE CASCADE
) ENGINE=InnoDB AUTO_INCREMENT=81 DEFAULT CHARSET=utf8 COLLATE=utf8_unicode_ci;
/*!40101 SET character_set_client = @saved_cs_client */;

--
-- Dumping data for table `indicators`
--

LOCK TABLES `indicators` WRITE;
/*!40000 ALTER TABLE `indicators` DISABLE KEYS */;
INSERT INTO `indicators` VALUES (1,2,'Jumlah Laporan Pengembangan Organisasi Tata Laksana dan Reformasi Birokrasi','Laporan','Pusat','2016-01-03 18:22:05','2016-01-03 18:22:05'),(2,2,'Jumlah Laporan Perencanaan Pembinaan dan Manajemen Kepegawaian','Laporan','Pusat','2016-01-03 18:23:30','2016-01-03 18:23:30'),(3,4,'Jumlah Dokumen Perencanaan Strategis Penyediaan Perumahan','Dokumen','Pusat','2016-01-03 18:37:08','2016-01-03 18:37:08'),(4,4,'Jumlah Dokumen Perencanaan Tahunan Penyediaan Perumahan','Dokumen','Pusat','2016-01-03 18:37:46','2016-01-03 18:37:46'),(5,4,'Jumlah Laporan Pendataan Bidang Perumahan','Laporan','Pusat','2016-01-03 18:38:21','2016-01-04 20:37:29'),(6,4,'Jumlah Laporan Pengembangan dan Pengelolaan Sistem Informasi','Laporan','Pusat','2016-01-03 18:58:29','2016-01-04 20:38:19'),(7,4,'Jumlah Laporan Pengembangan Informasi Perumahan','Laporan','Pusat','2016-01-03 18:59:17','2016-01-04 20:39:06'),(8,4,'Jumlah Laporan Kemitraan Penyediaan Perumahan','Laporan','Pusat','2016-01-03 18:59:50','2016-01-03 18:59:50'),(9,4,'Jumlah Laporan Pembinaan dan Peningkatan Kapasitas Kelembagaan Pelaku Penyediaan Perumahan','Laporan','Pusat','2016-01-03 19:01:10','2016-01-03 19:01:10'),(10,4,'Jumlah Dokumen Pedoman dan Kriteria Evaluasi Penyediaan Perumahan','Dokumen','Pusat','2016-01-03 19:01:47','2016-01-03 19:01:47'),(11,4,'Jumlah Laporan Pemantauan Kegiatan Penyediaan Perumahan','Laporan','Pusat','2016-01-03 19:02:35','2016-01-03 19:02:35'),(12,4,'Jumlah Laporan Evaluasi Kinerja Penyediaan Perumahan','Laporan','Pusat','2016-01-03 19:03:21','2016-01-03 19:03:21'),(13,4,'Jumlah Dokumen Perencanaan Lingkungan Hunian Skala Besar','Dokumen','Pusat','2016-01-04 21:09:43','2016-01-04 21:09:43'),(14,4,'Jumlah Dokumen Perencanaan Lingkungan Hunian Bukan Skala Besar','Dokumen','Pusat','2016-01-04 21:10:57','2016-01-04 21:10:57'),(15,4,'Layanan Perkantoran','Bulan Layanan','Pusat','2016-01-04 21:11:25','2016-01-04 21:11:25'),(16,4,'Perangkat Pengolah Data dan Komunikasi','Unit','Pusat','2016-01-04 21:12:23','2016-01-04 21:12:23'),(17,4,'Output Cadangan','Cadangan','Pusat','2016-01-04 21:12:51','2016-01-04 21:12:51'),(18,4,'Dekonsentrasi Perencanaan Perumahan','Provinsi','34 Provinsi','2016-01-04 21:13:35','2016-01-04 21:13:35'),(19,2,'Jumlah Laporan Administrasi Kepegawaian','Laporan','Pusat','2016-01-05 05:52:22','2016-01-05 05:52:22'),(20,2,'Jumlah Laporan Pembinaan dan Fasilitasi Harmonisasi dan Sinkronisasi Peraturan Perundang-undangan bidang Perumahan','Laporan','Pusat','2016-01-05 05:53:49','2016-01-05 05:53:49'),(21,2,'Jumlah Laporan Pelayanan Pertimbangan/Opini Hukum dan Pendampingan Hukum','Laporan','Pusat','2016-01-05 08:38:59','2016-01-05 08:38:59'),(22,2,'Jumlah Laporan Pembinaan Administrasi Keuangan','Laporan','Pusat','2016-01-05 08:39:32','2016-01-05 08:39:32'),(23,2,'Jumlah Laporan Keuangan','Laporan','Pusat','2016-01-05 08:39:57','2016-01-05 08:39:57'),(24,2,'Jumlah Laporan Penyelenggaraan Pengelolaan Barang Milik/Kekayaan Negara di Lingkungan Ditjen Perumahan','Laporan','Pusat','2016-01-05 08:41:13','2016-01-05 08:41:13'),(25,2,'Jumlah Laporan Pengelolaan Arsip dan Tata Persuratan','Laporan','Pusat','2016-01-05 08:41:58','2016-01-05 08:41:58'),(26,2,'Jumlah Laporan Tata Usaha Pimpinan','Laporan','Pusat','2016-01-05 08:42:39','2016-01-05 08:42:39'),(27,2,'Jumlah Laporan Layanan Kehumasan, Publikasi dan Dokumentasi','Laporan','Pusat','2016-01-05 08:43:20','2016-01-05 08:43:20'),(28,2,'Jumlah Laporan Tanggap Darurat Bencana Bidang Penyediaan Perumahan','Laporan','Pusat','2016-01-05 08:44:25','2016-01-05 08:44:25'),(29,2,'Layanan Perkantoran','Bulan','Pusat','2016-01-05 08:45:03','2016-01-05 08:45:03'),(30,2,'Perangkat Pengolah Data dan Komunikasi','Laporan','Pusat','2016-01-05 08:46:15','2016-01-05 08:46:15'),(31,2,'Peralatan dan Fasilitas Perkantoran','Laporan','Pusat','2016-01-05 08:46:47','2016-01-05 08:46:47'),(32,2,'Output Cadangan','Laporan','Pusat','2016-01-05 08:47:05','2016-01-05 08:47:05'),(33,5,'Jumlah Dokumen Kebijakan, Strategi, dan Perencanaan Penyediaan Rumah Susun','Laporan','Pusat','2016-01-05 10:47:15','2016-01-05 10:47:15'),(34,5,'Jumlah Dokumen Program dan Anggaran Penyediaan Rumah SUsun','Laporan','Pusat','2016-01-05 10:48:11','2016-01-05 10:48:11'),(35,5,'Jumlah Produk Data dan Informasi Penyediaan Rumah Susun','Laporan','Pusat','2016-01-05 10:48:56','2016-01-05 10:48:56'),(36,5,'Jumlah Laporan Evaluasi Kinerja dan Pengendalian Kebijakan Penyediaan Rumah Susun','Laporan','Pusat','2016-01-05 10:50:04','2016-01-05 10:50:04'),(37,5,'Jumlah Dokumen Pengaturan Rumah Susun','Laporan','Pusat','2016-01-05 10:50:43','2016-01-05 10:50:43'),(38,5,'Jumlah Laporan Pembinaan Rumah Susun','Laporan','Pusat','2016-01-05 10:51:29','2016-01-05 10:51:29'),(39,5,'Jumlah Dokumen Identifikasi Rumah Susun Terbangun','Laporan','Pusat','2016-01-05 10:52:13','2016-01-05 10:52:13'),(40,5,'Jumlah Dokumen Sosialisasi Pemanfaatan dan Penghunian Rumah Susun','Laporan','Pusat','2016-01-05 10:53:02','2016-01-05 10:53:02'),(41,5,'Jumlah Dokumen Pengelolaan dan Serah Terima Aset Rumah Susun','Laporan','Pusat','2016-01-05 10:53:39','2016-01-05 10:53:39'),(42,5,'Jumlah Laporan Fasilitasi Persiapan Pelaksanaan Pembangunan Rumah Susun','Laporan','Pusat','2016-01-05 10:54:29','2016-01-05 10:54:29'),(43,5,'Jumlah Laporan Fasilitasi Pelaksanaan Pembangunan Rumah Susun','Laporan','Pusat','2016-01-05 10:55:27','2016-01-05 10:55:27'),(44,5,'Jumlah Laporan Monitoring dan Evaluasi Penyediaan Rumah Susun','Laporan','Pusat','2016-01-05 10:56:13','2016-01-05 10:56:13'),(45,5,'Layanan Perkantoran','Bulan','Pusat','2016-01-05 10:56:46','2016-01-05 10:56:46'),(46,6,'Jumlah Rumah Susun Terbangun beserta PSU dan Meubelair','Unit','Pusat','2016-01-05 11:41:36','2016-01-05 11:41:36'),(47,6,'Jumlah Rumah Susun Terpelihara','Unit','Pusat','2016-01-05 11:41:59','2016-01-05 11:41:59'),(48,6,'Layanan Perkantoran','Bulan','Pusat','2016-01-05 11:42:17','2016-01-05 11:42:17'),(49,7,'Jumlah Rumah Susun Terbangun beserta PSU dan Meubelair','Unit','Pusat','2016-01-05 11:43:03','2016-01-05 11:43:03'),(50,7,'Layanan Perkantoran','Bulan','Pusat','2016-01-05 11:43:29','2016-01-05 11:43:29'),(51,8,'Jumlah Dokumen Perencanaan Teknis, Pendataan, Evaluasi, dan Pelaporan Rumah Umum dan Komersial','Dokumen','Pusat','2016-01-05 17:21:27','2016-01-05 17:21:27'),(52,8,'Jumlah Dokumen Pengaturan dan Pelaksanaan Pembinaan Pengembangan Rumah Umum dan Komersial','Dokumen','Pusat','2016-01-05 17:22:14','2016-01-05 17:22:14'),(53,8,'Jumlah Dokumen Hasil Pelaksanaan Bantuan Rumah Umum','Dokumen','Pusat','2016-01-05 17:22:42','2016-01-05 17:22:42'),(54,8,'Jumlah Dokumen Hasil Pemantauan dan Pelaksanaan Hunian Berimbang','Dokumen','Pusat','2016-01-05 17:23:46','2016-01-05 17:23:46'),(55,8,'Jumlah Dokumen Hasil Kerjasama, Pendataan, dan Pemantauan Penyediaan Tanah','Dokumen','Pusat','2016-01-05 17:24:43','2016-01-05 17:24:43'),(56,8,'Laporan Layanan Perkantoran','Bulan','Pusat','2016-01-05 17:25:20','2016-01-05 17:25:20'),(57,9,'Jumlah Rumah Umum Tapak Layak Huni yang Terfasilitasi melalui Bantuan Rumah Umum (PSU)','Unit','Pusat','2016-01-05 17:26:48','2016-01-05 17:26:48'),(58,9,'Laporan Layanan Perkantoran','Bulan','Pusat','2016-01-05 17:27:09','2016-01-05 17:27:09'),(60,11,'Jumlah Rumah Khusus Terbangun beserta PSU dan Meubelair','Unit','Pusat','2016-01-05 17:45:51','2016-01-05 17:45:51'),(61,11,'Jumlah Rumah Khusus yang Direvitalisasi','Unit','Pusat','2016-01-05 17:46:29','2016-01-05 17:46:29'),(62,11,'Jumlah Rumah TNI dan Polri Terbangun beserta PSU dan Meubelair','Unit','Pusat','2016-01-05 17:47:11','2016-01-05 17:47:11'),(63,11,'Layanan Perkantoran','Bulan','Pusat','2016-01-05 17:47:42','2016-01-05 17:47:42'),(64,12,'Jumlah Dokumen Perencanaan Teknis Rumah Khusus','Dokumen','Pusat','2016-01-05 17:49:18','2016-01-05 17:49:18'),(65,12,'Jumlah Dokumen Standar dan Pedoman','Dokumen','Pusat','2016-01-05 17:49:44','2016-01-05 17:49:44'),(66,12,'Jumlah Dokumen Penyediaan Rumah Khusus dan Rumah Negara','Dokumen','Pusat','2016-01-05 17:50:20','2016-01-05 17:50:20'),(67,12,'Jumlah Dokumen Pengelolaan Rumah Tapak','Dokumen','Pusat','2016-01-05 17:50:51','2016-01-05 17:50:51'),(68,12,'Jumlah Dokumen Pemantauan dan Evaluasi','Dokumen','Pusat','2016-01-05 17:51:23','2016-01-05 17:51:23'),(69,12,'Jumlah Dokumen Tata Usaha','Dokumen','Pusat','2016-01-05 17:51:46','2016-01-05 17:51:46'),(70,12,'Layanan Perkantoran','Bulan','Pusat','2016-01-05 17:52:04','2016-01-05 17:52:04'),(71,13,'Persentase penurunan kekurangan  tempat tinggal (backlog) berdasarkan perspektif menghuni','%','Pusat','2016-01-06 06:02:45','2016-01-06 06:02:45'),(72,13,'Persentase penurunan rumah tidak layak huni\r\n','%','Pusat','2016-01-06 06:03:58','2016-01-06 06:03:58'),(73,14,'Jumlah Dokumen Perencanaan Teknis Pengembangan Perumahan Swadaya','Dokumen','Pusat','2016-01-06 10:57:14','2016-01-06 10:57:14'),(74,14,'Jumlah Dokumen Pendataan Perumahan Swadaya','Dokumen','Pusat','2016-01-06 10:58:05','2016-01-06 10:58:05'),(75,14,'Jumlah MBR yang Terfasilitasi Pemberdayaaan Dalam Penyediaan Rumah Swadaya','Rumah Tangga','','2016-01-06 11:00:30','2016-01-07 09:14:18'),(76,14,'Jumlah Laporan Fasilitas Pelaksanaan Pengembangan Perumahan Swadaya','Laporan','Pusat','2016-01-06 11:02:43','2016-01-07 09:22:11'),(77,14,'Jumlah Laporan Pemantauan dan Evaluasi Pengembangan Rumah Swadaya','Laporan','Pusat','2016-01-06 11:04:06','2016-01-07 09:22:24'),(78,14,'Jumlah Laporan Penatausahaan Pengembangan Rumah Swadaya','Laporan','Pusat','2016-01-06 11:05:11','2016-01-06 11:05:11'),(79,14,'Jumlah Unit Rumah yang Terfasilitasi Bantuan Stimulan Pembangunan Baru Rumah Swadaya','Unit','Tersebar  di 34 Propinsi','2016-01-06 11:07:37','2016-01-07 09:21:43'),(80,14,'Jumlah Unit Rumah yang Terfasilitasi Bantuan Stimulan Peningkatan Kualitas Rumah Swadaya','Unit','Tersebar di 34 Propinsi','2016-01-06 11:09:40','2016-01-07 09:15:29');
/*!40000 ALTER TABLE `indicators` ENABLE KEYS */;
UNLOCK TABLES;

--
-- Table structure for table `media`
--

DROP TABLE IF EXISTS `media`;
/*!40101 SET @saved_cs_client     = @@character_set_client */;
/*!40101 SET character_set_client = utf8 */;
CREATE TABLE `media` (
  `id` int(10) unsigned NOT NULL AUTO_INCREMENT,
  `name` varchar(255) COLLATE utf8_unicode_ci NOT NULL,
  `original_name` varchar(255) COLLATE utf8_unicode_ci NOT NULL,
  `size` int(10) unsigned NOT NULL,
  `ext` varchar(6) COLLATE utf8_unicode_ci NOT NULL,
  `mime` varchar(50) COLLATE utf8_unicode_ci NOT NULL,
  `hash` varchar(40) COLLATE utf8_unicode_ci NOT NULL,
  `created_at` timestamp NOT NULL DEFAULT '0000-00-00 00:00:00',
  `updated_at` timestamp NOT NULL DEFAULT '0000-00-00 00:00:00',
  `location` text COLLATE utf8_unicode_ci NOT NULL,
  PRIMARY KEY (`id`)
) ENGINE=InnoDB AUTO_INCREMENT=8 DEFAULT CHARSET=utf8 COLLATE=utf8_unicode_ci;
/*!40101 SET character_set_client = @saved_cs_client */;

--
-- Dumping data for table `media`
--

LOCK TABLES `media` WRITE;
/*!40000 ALTER TABLE `media` DISABLE KEYS */;
INSERT INTO `media` VALUES (1,'1451925236-pk2015tt.pdf','PK2015TT.pdf',2082341,'pdf','application/pdf','ab2b178ef11ce1c4ebc6a15197d426a85bc1909f','2016-01-04 21:33:56','2016-01-04 21:33:56','files/scan/1451925236-pk2015tt.pdf'),(2,'1451967067-pk2015.pdf','PK2015.pdf',2080624,'pdf','application/pdf','75476144c4191c83480ba86c4b82f9b027b06667','2016-01-05 09:11:07','2016-01-05 09:11:07','files/scan/1451967067-pk2015.pdf'),(3,'1452956010-lapdul-sim-kinerja-1.pdf','LapDul SIM Kinerja - 1.pdf',1808835,'pdf','application/pdf','30cb0f584c6fdc7ff76ccd1e15a12f8395ac321f','2016-01-16 19:53:30','2016-01-16 19:53:30','files/capaian/1452956010-lapdul-sim-kinerja-1.pdf'),(4,'1452984698-apple-logo-circle.jpg','apple-logo-circle.jpg',20185,'jpg','image/jpeg','5e7175b724c99301da12da32c8a1f3f5b223d24d','2016-01-17 03:51:38','2016-01-17 03:51:38','files/pp/1452984698-apple-logo-circle.jpg'),(5,'1452989284-pu-logo.jpg','Pu Logo.jpg',8145,'jpg','image/jpeg','433e9579f022dffda4fb2fa250b0defa06a71d47','2016-01-17 05:08:04','2016-01-17 05:08:04','files/capaian/1452989284-pu-logo.jpg'),(6,'1453016529-picture1.png','Picture1.png',202853,'png','image/png','98ccc57146c19263e53c05307b75684d88d198e0','2016-01-17 12:42:09','2016-01-17 12:42:09','files/pp/1453016529-picture1.png'),(7,'1453757130-server-rack-2-by-nocturnalfrog.jpg','Server_Rack_2_by_nocturnalfrog.jpg',607419,'jpg','image/jpeg','f1e70a2cb39fdea6935a412b63fefe7f5a5a11f5','2016-01-26 09:25:30','2016-01-26 09:25:30','files/pp/1453757130-server-rack-2-by-nocturnalfrog.jpg');
/*!40000 ALTER TABLE `media` ENABLE KEYS */;
UNLOCK TABLES;

--
-- Table structure for table `migrations`
--

DROP TABLE IF EXISTS `migrations`;
/*!40101 SET @saved_cs_client     = @@character_set_client */;
/*!40101 SET character_set_client = utf8 */;
CREATE TABLE `migrations` (
  `migration` varchar(255) COLLATE utf8_unicode_ci NOT NULL,
  `batch` int(11) NOT NULL
) ENGINE=InnoDB DEFAULT CHARSET=utf8 COLLATE=utf8_unicode_ci;
/*!40101 SET character_set_client = @saved_cs_client */;

--
-- Dumping data for table `migrations`
--

LOCK TABLES `migrations` WRITE;
/*!40000 ALTER TABLE `migrations` DISABLE KEYS */;
INSERT INTO `migrations` VALUES ('2014_10_12_000000_create_users_table',1),('2014_10_12_100000_create_password_resets_table',1),('2015_12_31_213053_create_periods_table',1),('2015_12_31_213121_create_roles_table',1),('2015_12_31_213247_create_achievement_media_table',1),('2015_12_31_213255_create_achievements_table',1),('2015_12_31_213306_create_activities_table',1),('2015_12_31_213323_create_agreement_media_table',1),('2015_12_31_213330_create_agreements_table',1),('2015_12_31_213340_create_budgets_table',1),('2015_12_31_213350_create_evaluations_table',1),('2015_12_31_213401_create_goals_table',1),('2015_12_31_213409_create_indicators_table',1),('2015_12_31_213417_create_media_table',1),('2015_12_31_213430_create_plans_table',1),('2015_12_31_213438_create_programs_table',1),('2015_12_31_213448_create_targets_table',1),('2015_12_31_213456_create_units_table',1),('2015_12_31_213506_create_positions_table',1),('2015_12_31_222351_update_users_table_add_fk',1),('2015_12_31_222457_update_achievement_media_table_add_fk',1),('2016_01_01_021824_update_achievements_table_add_fk',1),('2016_01_01_021838_update_activities_table_add_fk',1),('2016_01_01_021851_update_agreement_media_table_add_fk',1),('2016_01_01_021900_update_agreements_table_add_fk',1),('2016_01_01_021910_update_budgets_table_add_fk',1),('2016_01_01_021920_update_evaluations_table_add_fk',1),('2016_01_01_021934_update_goals_table_add_fk',1),('2016_01_01_021947_update_indicators_table_add_fk',1),('2016_01_01_022003_update_plans_table_add_fk',1),('2016_01_01_022025_update_positions_table_add_fk',1),('2016_01_01_024927_create_pages_table',1),('2016_01_01_062247_update_programs_table_add_fk',1),('2016_01_02_015649_update_achievements_table_add_unique_constraint',1),('2016_01_02_021434_update_media_table_add_location_column',1),('2016_01_02_044517_update_budgets_table_add_unique_constraint',1),('2016_01_03_102749_create_goals_table_trigger',2),('2016_01_04_035209_update_activities_table_add_in_agreement_column',3),('2016_01_06_221651_create_positions_with_user_and_unit_view',4),('2016_01_06_231640_update_goals_table_count_change_to_decimal',4),('2016_01_06_233001_create_target_goals_table',5),('2016_01_07_135855_create_program_budgets_table',5),('2016_01_11_130502_update_evaluations_table_change_issue_to_text',6),('2016_01_16_222457_update_user_table_add_pp_field',7),('2016_01_25_043921_create_organizations_table',8),('2016_01_25_043948_create_staff_table',8),('2016_01_25_044003_create_educations_table',8),('2016_01_26_112559_update_achievement_table_add_budget',9),('2016_01_26_164938_update_goals_table_add_with_detail_column',10),('2016_01_26_165011_create_goal_details_table',10),('2016_01_27_071804_update_educations_table_ondelete_cascade',10),('2016_01_27_072513_update_staff_table_ondelete_cascade',10),('2016_01_29_065039_update_achievements_table_add_percentation_field',11);
/*!40000 ALTER TABLE `migrations` ENABLE KEYS */;
UNLOCK TABLES;

--
-- Table structure for table `organizations`
--

DROP TABLE IF EXISTS `organizations`;
/*!40101 SET @saved_cs_client     = @@character_set_client */;
/*!40101 SET character_set_client = utf8 */;
CREATE TABLE `organizations` (
  `id` int(10) unsigned NOT NULL AUTO_INCREMENT,
  `parent_id` int(10) unsigned DEFAULT NULL,
  `left` int(11) DEFAULT NULL,
  `right` int(11) DEFAULT NULL,
  `depth` int(11) DEFAULT NULL,
  `name` varchar(255) COLLATE utf8_unicode_ci NOT NULL,
  `created_at` timestamp NOT NULL DEFAULT '0000-00-00 00:00:00',
  `updated_at` timestamp NOT NULL DEFAULT '0000-00-00 00:00:00',
  PRIMARY KEY (`id`)
) ENGINE=InnoDB AUTO_INCREMENT=65 DEFAULT CHARSET=utf8 COLLATE=utf8_unicode_ci;
/*!40101 SET character_set_client = @saved_cs_client */;

--
-- Dumping data for table `organizations`
--

LOCK TABLES `organizations` WRITE;
/*!40000 ALTER TABLE `organizations` DISABLE KEYS */;
INSERT INTO `organizations` VALUES (1,NULL,1,104,0,'Direktorat Jenderal Penyediaan Perumahan','2016-01-26 08:48:49','2016-01-27 20:22:16'),(21,1,22,37,1,'Direktorat Perencanaan Penyediaan Perumahan','2016-01-27 11:43:05','2016-01-27 20:22:16'),(24,21,23,22,2,'Subdit Keterpaduan Perencanaan','2016-01-27 12:08:57','2016-01-27 12:31:02'),(25,21,23,24,2,'Subdit Kemitraan Kelembagaan','2016-01-27 12:16:37','2016-01-27 12:31:02'),(26,21,25,26,2,'Subdit Pemantauan dan Evaluasi','2016-01-27 12:17:12','2016-01-27 12:31:02'),(27,21,27,28,2,'Tenaga Pendukung Lainnya (Dit. Perencanaan PP)','2016-01-27 12:23:11','2016-01-27 12:31:02'),(28,1,38,51,1,'Direktorat Rumah Susun','2016-01-27 12:32:54','2016-01-27 20:22:16'),(29,1,52,65,1,'Direktorat Rumah Umum dan Komersial','2016-01-27 12:35:13','2016-01-27 20:22:16'),(30,1,66,79,1,'Direktorat Rumah Swadaya','2016-01-27 12:35:27','2016-01-27 20:22:16'),(31,1,80,93,1,'Direktorat Rumah Khusus','2016-01-27 12:36:51','2016-01-27 20:22:16'),(32,21,29,30,2,'Tata Usaha Dit. Perencanaan PP','2016-01-27 12:38:05','2016-01-27 17:17:34'),(33,21,31,32,2,'Subdit Rencana Pengembangan Lingkungan Hunian','2016-01-27 12:48:56','2016-01-27 12:48:56'),(34,28,39,40,2,'Subdit. Perencanaan Teknik','2016-01-27 17:10:33','2016-01-27 20:22:16'),(35,28,41,42,2,'Subdit. Standar dan Pedoman Dit. Rusun','2016-01-27 17:10:53','2016-01-27 20:22:16'),(36,28,43,44,2,'Subdit. Penyediaan','2016-01-27 17:11:10','2016-01-27 20:22:16'),(37,28,45,46,2,'Subdit. Penghunian dan Pengelolaan','2016-01-27 17:11:36','2016-01-27 20:22:16'),(38,28,47,48,2,'Subdit. Pemantauan dan Evaluasi Dit. Rusun','2016-01-27 17:11:59','2016-01-27 20:22:16'),(39,28,49,50,2,'Tata Usaha Dit. Rusun','2016-01-27 17:12:17','2016-01-27 20:22:16'),(40,31,81,82,2,'Subdit. Perencanaan Teknis Dit. Rusus','2016-01-27 17:13:12','2016-01-27 20:22:16'),(41,31,83,84,2,'Subdit Standar dan Pedoman Dit. Rusus','2016-01-27 17:13:43','2016-01-27 20:22:16'),(42,31,85,86,2,'Subdit. Penyediaan Rumah Tapak Khusus dan Rumah Tapak Negara','2016-01-27 17:14:31','2016-01-27 20:22:16'),(43,31,87,88,2,'Subdit. Pengelolaan Rumah Tapak Khusus','2016-01-27 17:15:19','2016-01-27 20:22:16'),(44,31,89,90,2,'Subdit. Pemantauan dan Evaluasi Dit. Rusus','2016-01-27 17:15:52','2016-01-27 20:22:16'),(45,31,91,92,2,'Tata Usaha Dit. Rusus','2016-01-27 17:21:44','2016-01-27 20:22:16'),(46,30,67,68,2,'Subdit. Perencanaan Teknik dan Standarisasi','2016-01-27 17:22:30','2016-01-27 20:22:16'),(47,30,69,70,2,'Subdit. Fasilitasi Pendataan dan Verifikasi','2016-01-27 17:23:06','2016-01-27 20:22:16'),(48,30,71,72,2,'Subdit. Fasilitasi Pemberdayaan dan Kemitraan','2016-01-27 17:23:51','2016-01-27 20:22:16'),(49,30,73,74,2,'Subdit. Pelaksanaan Bantuan Stimulan','2016-01-27 17:24:18','2016-01-27 20:22:16'),(50,30,75,76,2,'Subdit. Pemantauan dan Evaluasi Dit. Swadaya','2016-01-27 17:24:43','2016-01-27 20:22:16'),(51,29,53,54,2,'Subdit. Perencanaan Teknik dan Evaluasi','2016-01-27 17:25:13','2016-01-27 20:22:16'),(52,29,55,56,2,'Subdit. Standar dan Pedoman Dit. RUK','2016-01-27 17:25:35','2016-01-27 20:22:16'),(53,29,57,58,2,'Subdit. Bantuan Rumah Umum','2016-01-27 17:26:01','2016-01-27 20:22:16'),(54,29,59,60,2,'Subdit. Fasilitasi Hunian Berimbang','2016-01-27 17:26:34','2016-01-27 20:22:16'),(55,29,61,62,2,'Subdit. Fasilitasi Penyediaan Lahan Perumahan','2016-01-27 17:27:09','2016-01-27 20:22:16'),(56,29,63,64,2,'Tata Usaha Dit. RUK','2016-01-27 17:27:29','2016-01-27 20:22:16'),(57,1,94,103,1,'Sekretariat Direktorat Jenderal Penyediaan Perumahan','2016-01-27 17:28:31','2016-01-27 20:22:16'),(58,57,95,96,2,'Bag. Kepegawaian, Organisasi, dan Tata Laksana','2016-01-27 17:29:30','2016-01-27 20:22:16'),(59,57,97,98,2,'Bag. Keuangan dan Evaluasi Pelaksanaan Anggaran','2016-01-27 17:30:25','2016-01-27 20:22:16'),(60,57,99,100,2,'Bag. Hukum dan Komunikasi Publik','2016-01-27 17:30:46','2016-01-27 20:22:16'),(61,57,101,102,2,'Bag. Umum dan Penatausahaan BMN','2016-01-27 17:31:19','2016-01-27 20:22:16'),(62,30,77,78,2,'Tata Usaha Dit. Swadaya','2016-01-27 17:35:38','2016-01-27 20:22:16'),(63,21,33,34,2,'Subdit Data dan Informasi','2016-01-27 18:11:14','2016-01-27 18:11:14'),(64,21,35,36,2,'Satker Dit. Perencanaan Penyediaan Perumahan','2016-01-27 20:22:16','2016-01-27 20:22:16');
/*!40000 ALTER TABLE `organizations` ENABLE KEYS */;
UNLOCK TABLES;

--
-- Table structure for table `pages`
--

DROP TABLE IF EXISTS `pages`;
/*!40101 SET @saved_cs_client     = @@character_set_client */;
/*!40101 SET character_set_client = utf8 */;
CREATE TABLE `pages` (
  `id` int(10) unsigned NOT NULL AUTO_INCREMENT,
  `title` varchar(255) COLLATE utf8_unicode_ci NOT NULL,
  `slug` varchar(255) COLLATE utf8_unicode_ci NOT NULL,
  `content` longtext COLLATE utf8_unicode_ci NOT NULL,
  `excerpt` text COLLATE utf8_unicode_ci NOT NULL,
  `created_at` timestamp NOT NULL DEFAULT '0000-00-00 00:00:00',
  `updated_at` timestamp NOT NULL DEFAULT '0000-00-00 00:00:00',
  PRIMARY KEY (`id`)
) ENGINE=InnoDB AUTO_INCREMENT=6 DEFAULT CHARSET=utf8 COLLATE=utf8_unicode_ci;
/*!40101 SET character_set_client = @saved_cs_client */;

--
-- Dumping data for table `pages`
--

LOCK TABLES `pages` WRITE;
/*!40000 ALTER TABLE `pages` DISABLE KEYS */;
INSERT INTO `pages` VALUES (1,'Intro','intro','<p><span style=\"font-weight: bold; font-style: italic;\">Akuntibiltas Kinerja</span> adalah perwujudan kewajiban suatu instansi pemerintah untuk mempertanggungjawabkan keberhasilan/kegagalan pelaksanaan Program dan Kegiatan yang telah diamantkan para pemangku kepentingan dalam rangka mencapai misi organisasi.<br></p>','<p><br></p>','2016-01-03 08:03:17','2016-01-19 07:14:18'),(2,'Tupoksi','tupoksi','<h3>Direktorat Jenderal Penyediaan Perumahan</h3><p><br></p><h4><span style=\"font-style: italic;\">Tugas</span></h4><p>Direktorat Jenderal Penyediaan Perumahan mempunyai tugas menyelenggarakan perumusan dan pelaksanaan kebijakan di bidang penyediaan perumahan sesuai dengan ketentuan peraturan perundang-undangan.</p><p><br></p><h4><span style=\"font-style: italic;\">Fungsi</span></h4><p>Dalam melaksanakan tugas,Direktorat Jenderal Penyediaan Perumahan menyelenggarakan fungsi:</p><ol><li>Perumusan kebijakan di bidang penyelenggaran penyediaan perumahan;&nbsp;</li><li>Pelaksanaan kebijakan di bidang fasilitasi penyediaan rumah umum, rumah khusus, dan rumah swadaya bagi masyarakat berpenghasilan rendah;&nbsp;</li><li>Pelaksanaan kebijakan di bidang pembinaan penyelenggaraan penyediaan perumahan;&nbsp;</li><li>Penyusunan norma, standar, prosedur, dan kriteria di bidang penyelenggaraan penyediaan perumahan;&nbsp;</li><li>Pemberian bimbingan teknis dan supervisi di bidang penyelenggaraan penyediaan perumahan;&nbsp;</li><li>Pelaksanaan evaluasi dan pelaporan di bidang penyelenggaraan penyediaan perumahan;&nbsp;</li><li>Pelaksanaan administrasi Direktorat Jenderal Penyediaan Perumahan; dan&nbsp;</li><li>Pelaksanaan fungsi lain yang diberikan oleh Menteri.&nbsp;</li></ol><hr><h3>Sekretariat Direktorat Jenderal</h3><p><br></p><h4><span style=\"font-style: italic;\">Tugas</span></h4><p>Sekretariat Direktorat Jenderal mempunyai tugas melaksanakan pemberian dukungan pengelolaan administrasi kepada seluruh unit organisasi di lingkungan Direktorat Jenderal Penyediaan Perumahan.</p><p><br></p><h4><span style=\"font-style: italic;\">Fungsi</span></h4><p>Dalam melaksanakan tugas, Sekretariat Direktorat Jenderal menyelenggarakan fungsi:</p><ol><li>Pelaksanaan urusan kepegawaian, organisasi, dan tata laksana&nbsp;</li><li>Pelaksanaan urusan keuangan, pengelolaan akuntansi, serta evaluasi pelaksanaan anggaran</li><li>Koordinasi dan penyusunan peraturan perundang-undangan, fasilitasi advokasi hukum, serta penyelenggaraan komunikasi publik Direktorat Jenderal</li><li>Pelaksanaan urusan tata usaha, rumah tangga, dan penatausahaan barang milik negara Direktorat Jenderal.&nbsp;</li></ol><hr><p><span style=\"color: inherit; font-family: inherit; font-size: 24px; line-height: 1.1;\">Direktorat Perencanaan Penyediaan Perumahan</span><br></p><p><span style=\"font-weight: bold; font-style: italic;\"><br></span></p><h4><span style=\"font-style: italic;\">Tugas</span></h4><p>Direktorat Perencanaan Penyediaan Perumahan mempunyai tugas melaksanakan koordinasi dan penyusunan keterpaduan perencanaan, penyusunan rencana pengembangan lingkungan hunian, pelaksanaan kemitraan dan pembinaan kelembagaan, pengelolaan data dan informasi serta pemantauan dan evaluasi di bidang penyelenggaraan penyediaan perumahan.</p><p><br></p><h4><span style=\"font-style: italic;\">Fungsi</span><span style=\"font-weight: bold; font-style: italic;\">&nbsp;</span></h4><p>Dalam melaksanakan tugas tersebut, Direktorat Perencanaan Penyediaan Perumahan menyelenggarakan fungsi sebagai berikut:&nbsp;</p><ol><li>Koordinasi dan penyusunan keterpaduan perencanaan di bidang penyelenggaraan penyediaan perumahan;</li><li>Perencana pengembangan hunian di bidang penyelenggaraan penyediaan perumahan;</li><li>Pelaksanaan kemitraan dan pembinaan kelembagaan di bidang penyelenggaraan penyediaan perumahan;</li><li>Pengelolaan data dan informasi di bidang penyelenggaraan penyediaan perumahan;</li><li>Pelaksanaan pemantauan, evaluasi dan pelaporan di bidang penyelenggaraan penyediaan perumahan; dan</li><li>Pelaksanaan tata usaha Direktorat.</li></ol><hr><h3>Direktorat Rumah Susun</h3><p><br></p><h4><span style=\"font-style: italic;\">Tugas</span></h4><p>Direktorat Rumah Susun mempunyai tugas melaksanakan penyiapan perumusan kebijakan dan pelaksanaan kebijakan di bidang pembinaan penyelenggaraan penyediaan rumah susun, perencanaan teknik, penyusunan standar dan pedoman, pemberian bimbingan teknis dan supervisi penyediaan, penghunian dan pengelolaan serta pemantauan dan evaluasi penyediaan rumah susun.</p><p><br></p><h4><span style=\"font-style: italic;\">Fungsi</span></h4><p>Dalam melaksanakan tugas Direktorat Rumah Susun menyelenggarakan fungsi:</p><ol><li>Penyiapan perumusan kebijakan di bidang penyelenggaraan penyediaan rumah susun</li><li>Pelaksanaan kebijakan di bidang pembinaan penyelenggaraan penyediaan rumah susun</li><li>Penyusunan rencana teknik di bidang penyelenggaraan penyediaan rumah susun</li><li>Penyiapan penyusunan norma, standar, prosedur, dan kriteria di bidang penyelenggaraan penyediaan rumah susun</li><li>Pemberiaan bimbingan teknis dan supervisi di bidang penyelenggaraan penyediaan rumah susun</li><li>Pelaksanaan pemantauan dan evaluasi di bidang penyelenggaraan penyediaan rumah susun</li><li>Fasilitasi penghunian dan pengelolaan rumah susun</li><li>Pelaksanaan urusan tata usaha Direktorat.&nbsp;</li></ol><hr><h3>Direktorat Rumah Khusus</h3><p><br></p><h4><span style=\"font-style: italic;\">Tugas</span></h4><p>Direktorat Rumah Khusus mempunyai tugas melaksanakan penyiapan perumusan kebijakan dan pelaksanaan di bidang pembinaan penyelenggaraan rumah tapak khusus, perencanaan teknik, penyusunan standar dan pedoman, pengelolaan, pemantauan dan evaluasi penyediaan rumah tapak khusus, serta penyediaan rumah tapak khusus dan rumah tapak negara.</p><p><br></p><h4><span style=\"font-style: italic;\">Fungsi</span></h4><p>Dalam melaksanakan tugas, Direktorat Rumah Khusus menyelenggarakan fungsi:</p><ol><li>Penyiapan perumusan kebijakan di bidang penyelenggaraan rumah tapak khusus;</li><li>Pelaksanaan kebijakan di bidang pembinaan penyelenggaraan rumah tapak khusus</li><li>Penyiapan penyusunan rencana teknik di bidang penyelenggaraan rumah tapak khusus&nbsp;</li><li>Penyiapan penyusunan norma, standar, pedoman, dan kriteria di bidang penyelenggaraan rumah tapak khusus&nbsp;</li><li>Pemberian bimbingan teknis dan supervisi di bidang penyediaan rumah tapak khusus</li><li>Pelaksanaan pengelolaan rumah tapak khusus</li><li>Pelaksanaan pemantauan dan evaluasi rumah tapak khusus</li><li>Pelaksanaan penyediaan rumah tapak khusus dan rumah tapak Negara</li><li>Pelaksanaan tata usaha Direktorat.&nbsp;</li></ol><hr><h3>Direktorat Rumah Swadaya</h3><p><span style=\"font-weight: bold; font-style: italic;\"><br></span></p><h4><span style=\"font-style: italic;\">Tugas</span></h4><p>Direktorat Rumah Swadaya mempunyai tugas melaksanakan penyusunan rencana teknik dan penyusunan standardisasi, fasilitasi pendataan dan verifikasi, fasilitasi pemberdayaan dan kemitraan, pelaksanaan bantuan stimulan serta pemantauan dan evaluasi di bidang penyelenggaraan bantuan rumah swadaya.</p><p><br></p><h4><span style=\"font-style: italic;\">Fungsi</span></h4><p>Dalam melaksanakan tugas, Direktorat Rumah Swadaya menyelenggarakan fungsi:</p><ol><li>Penyusunan rencana teknik dan penyusunan standardisasi di bidang penyelenggaraan bantuan rumah swadaya;&nbsp;</li><li>Fasilitasi pendataan dan verifikasi data backlog rumah swadaya dan rumah tidak layak huni di bidang penyelenggaraan bantuan rumah swadaya;&nbsp;</li><li>Fasilitasi pemberdayaan masyarakat hasil pendataan dan fasilitasi akses kemitraan untuk mendapat bantuan di bidang penyelenggaraan bantuan rumah swadaya;&nbsp;</li><li>Penyiapan penerima bantuan dan pendampingan dalam pelaksanaan bantuan stimulan di bidang penyelenggaraan bantuan rumah swadaya;&nbsp;</li><li>Pemantauan dan evaluasi pelaksanaan dan pemanfaatan bantuan di bidang penyelenggaraan bantuan rumah swadaya; dan&nbsp;</li><li>Pelaksanaan tata usaha Direktorat.&nbsp;</li></ol><hr><p><span style=\"color: inherit; font-family: inherit; font-size: 24px; line-height: 1.1;\">Direktorat Rumah Umum Dan Komersial</span><br></p><p><span style=\"font-weight: bold; font-style: italic;\"><br></span></p><h4><span style=\"font-style: italic;\">Tugas</span></h4><p>Direktorat Rumah Umum dan Komersial mempunyai tugas melaksanakan perencanaan teknik dan evaluasi, penyusunan standar dan pedoman, bantuan rumah umum, fasilitasi pelaksanaan hunian berimbang dan fasilitasi penyediaan tanah bagi perumahan.</p><p><br></p><h4><span style=\"font-style: italic;\">Fungsi</span></h4><p>Dalam melaksanakan tugas,Direktorat Rumah Umum dan Komersial menyelenggarakan fungsi:</p><ol><li>Penyusunan rencana teknik, data, evaluasi, dan pelaporan di bidang penyelenggaraan penyediaan rumah umum dan komersial</li><li>Penyusunan norma, standar, pedoman, dan kriteria di bidang penyelenggaraan penyediaan rumah umum dan komersial</li><li>Pemberian bimbingan teknis dan supervisi di bidang penyelenggaraan penyediaan rumah umum dan komersial&nbsp;</li><li>Pemberian bantuan rumah umum di bidang penyelenggaraan penyediaan rumah umum&nbsp;</li><li>Fasilitasi pelaksanaan hunian berimbang di bidang penyelenggaraan penyediaan rumah umum dan komersial&nbsp;</li><li>Fasilitasi penyediaan lahan bagi perumahan</li><li>Pelaksanaan tata usaha Direktorat.&nbsp;</li></ol><div><br></div>','<p></p>','2016-01-03 08:03:17','2016-01-17 04:35:30'),(3,'Struktur Organisasi','rencana-strategis','<h4>Direktorat Jenderal Penyediaan Perumahan</h4><p><img src=\"http://silap-kinerja.com/files/struktur-organisasi/01-direkorat-jenderal-penyediaan-perumahan.jpg\" style=\"width: 842px;\"></p><hr><h4>Sekretariat Direktorat Jenderal Penyediaan Perumahan</h4><p><img src=\"http://silap-kinerja.com/files/struktur-organisasi/02-sekretariat-direktorat-jenderal-penyediaan-perumahan.jpg\" style=\"width: 842px;\"></p><hr><h4>Direktorat Perencanaan Penyediaan Perumahan</h4><p><img src=\"http://silap-kinerja.com/files/struktur-organisasi/03-direktorat-perencanaan-penyediaan-perumahan.jpg\" style=\"width: 842px;\"></p><hr><h4>Direktorat Rumah Susun</h4><p><img src=\"http://silap-kinerja.com/files/struktur-organisasi/04-direktorat-rumah-susun.jpg\" style=\"width: 842px;\"></p><hr><h4>Direktorat Rumah Khusus</h4><p><img src=\"http://silap-kinerja.com/files/struktur-organisasi/05-direktorat-rumah-khusus.jpg\" style=\"width: 842px;\"></p><hr><h4>Direktorat Rumah Swadaya</h4><p><img src=\"http://silap-kinerja.com/files/struktur-organisasi/06-direktorat-rumah-swadaya.jpg\" style=\"width: 842px;\"></p><hr><h4>Direktorat Rumah Umum dan Komersial</h4><p><img src=\"http://silap-kinerja.com/files/struktur-organisasi/07-direktorat-rumah-umum-dan-komersial.jpg\" style=\"width: 842px;\"><br></p>','<p>Struktur organisasi Kementerian Pekerjaan Umum dan Perumahan Rakyat terdiri dari satu sekretariat dan lima direktorat. Sekretariat dan direktorat tersebut antara lain:</p><ol><li>Sekretariat direktorat jenderal penyediaan perumahan</li><li>Direktorat perencanaan penyediaan perumahan</li><li>Direktorat rumah susun</li><li>Direktorat rumah khusus</li><li>Direktorat rumah swadaya</li><li>Direktorat rumah umum dan komersial</li></ol><p><a href=\"http://silap-kinerja.com/rencana-strategis\">selengkapnya...</a></p>','2016-01-03 08:03:17','2016-01-19 07:05:39'),(4,'Regulasi Laporan Kinerja','regulasi','<p><a href=\"http://silap-kinerja.com/files/perpres2014_029.pdf\">Perpres No. 29 Tahun 2014.pdf</a>&nbsp;&nbsp;tentang SISTEM AKUNTABILITAS KINERJA INSTANSI PEMERINTAHAN<br></p><p><a href=\"http://silap-kinerja.com/files/permenpan2014_053.pdf\">Permenpan No. 053 Tahun</a><a href=\"http://silap-kinerja.com/files/permenpan2014_053.pdf\">&nbsp;2014.pdf</a>&nbsp; tentang PETUNJUK TEKNIS PERJANJIAN KINERJA, PELAPORAN KINERJA DAN TATA CARA REVIU ATAS LAPORAN KINERJA</p><p><a href=\"http://silap-kinerja.com/files/PermenPUPR15-2015.pdf\">Permen PUPR No. 15/PRT/M/2015.pdf</a>&nbsp;&nbsp;tentang ORGANISASI DAN TATA KERJA KEMENTERIAN PEKERJAAN UMUM DAN PERUMAHAN RAKYAT</p>','<p><br></p>','2016-01-03 08:03:17','2016-01-07 08:56:39'),(5,'e-Doc LAKIP','lakip','<p>Dokumen LAKIP (Laporan Akuntabilitas Kinerja Instansi Pemerintahan) Kementerian PUPERA dibuat berdasarkan siklus anggaran yang berjalan selama satu tahun dan per direktorat. Berikut dokumen LAKIP dari tahun 2015 - 2019 di enam direktorat Kementerian PUPERA.</p><p><br></p><h2>Tahun 2015</h2><h3>Sekretariat Direktorat Jenderal</h3><h3>Direktorat Perencanaan Penyediaan Perumahan</h3><p><a href=\"http://silap-kinerja.com/files/1.%20Cover.pdf\" style=\"font-family: inherit; line-height: 1.1; background-color: rgb(255, 255, 255);\">Lakip 2015 Direktorat Perencanaan Penyediaan Perumahan.pdf</a></p><h3><span style=\"color: inherit; font-family: inherit; line-height: 1.1;\">Direktorat Rumah Susun</span></h3><h3>Direktorat Rumah Khusus</h3><h3>Direktorat Rumah Swadaya</h3><h3>Direktorat Rumah Umum dan Komersial</h3><h3><br></h3>','','2016-01-03 08:03:17','2016-01-30 16:37:00');
/*!40000 ALTER TABLE `pages` ENABLE KEYS */;
UNLOCK TABLES;

--
-- Table structure for table `password_resets`
--

DROP TABLE IF EXISTS `password_resets`;
/*!40101 SET @saved_cs_client     = @@character_set_client */;
/*!40101 SET character_set_client = utf8 */;
CREATE TABLE `password_resets` (
  `email` varchar(255) COLLATE utf8_unicode_ci NOT NULL,
  `token` varchar(255) COLLATE utf8_unicode_ci NOT NULL,
  `created_at` timestamp NOT NULL DEFAULT '0000-00-00 00:00:00',
  KEY `password_resets_email_index` (`email`),
  KEY `password_resets_token_index` (`token`)
) ENGINE=InnoDB DEFAULT CHARSET=utf8 COLLATE=utf8_unicode_ci;
/*!40101 SET character_set_client = @saved_cs_client */;

--
-- Dumping data for table `password_resets`
--

LOCK TABLES `password_resets` WRITE;
/*!40000 ALTER TABLE `password_resets` DISABLE KEYS */;
/*!40000 ALTER TABLE `password_resets` ENABLE KEYS */;
UNLOCK TABLES;

--
-- Table structure for table `periods`
--

DROP TABLE IF EXISTS `periods`;
/*!40101 SET @saved_cs_client     = @@character_set_client */;
/*!40101 SET character_set_client = utf8 */;
CREATE TABLE `periods` (
  `id` int(10) unsigned NOT NULL AUTO_INCREMENT,
  `year_begin` int(10) unsigned NOT NULL,
  `year_end` int(10) unsigned NOT NULL,
  `created_at` timestamp NOT NULL DEFAULT '0000-00-00 00:00:00',
  `updated_at` timestamp NOT NULL DEFAULT '0000-00-00 00:00:00',
  PRIMARY KEY (`id`)
) ENGINE=InnoDB AUTO_INCREMENT=2 DEFAULT CHARSET=utf8 COLLATE=utf8_unicode_ci;
/*!40101 SET character_set_client = @saved_cs_client */;

--
-- Dumping data for table `periods`
--

LOCK TABLES `periods` WRITE;
/*!40000 ALTER TABLE `periods` DISABLE KEYS */;
INSERT INTO `periods` VALUES (1,2015,2019,'2016-01-03 08:03:17','2016-01-03 08:03:17');
/*!40000 ALTER TABLE `periods` ENABLE KEYS */;
UNLOCK TABLES;

--
-- Table structure for table `plans`
--

DROP TABLE IF EXISTS `plans`;
/*!40101 SET @saved_cs_client     = @@character_set_client */;
/*!40101 SET character_set_client = utf8 */;
CREATE TABLE `plans` (
  `id` int(10) unsigned NOT NULL AUTO_INCREMENT,
  `period_id` int(10) unsigned NOT NULL,
  `created_at` timestamp NOT NULL DEFAULT '0000-00-00 00:00:00',
  `updated_at` timestamp NOT NULL DEFAULT '0000-00-00 00:00:00',
  PRIMARY KEY (`id`),
  KEY `plans_period_id_foreign` (`period_id`),
  CONSTRAINT `plans_period_id_foreign` FOREIGN KEY (`period_id`) REFERENCES `periods` (`id`) ON DELETE CASCADE
) ENGINE=InnoDB AUTO_INCREMENT=2 DEFAULT CHARSET=utf8 COLLATE=utf8_unicode_ci;
/*!40101 SET character_set_client = @saved_cs_client */;

--
-- Dumping data for table `plans`
--

LOCK TABLES `plans` WRITE;
/*!40000 ALTER TABLE `plans` DISABLE KEYS */;
INSERT INTO `plans` VALUES (1,1,'2016-01-03 08:03:17','2016-01-03 08:03:17');
/*!40000 ALTER TABLE `plans` ENABLE KEYS */;
UNLOCK TABLES;

--
-- Table structure for table `positions`
--

DROP TABLE IF EXISTS `positions`;
/*!40101 SET @saved_cs_client     = @@character_set_client */;
/*!40101 SET character_set_client = utf8 */;
CREATE TABLE `positions` (
  `id` int(10) unsigned NOT NULL AUTO_INCREMENT,
  `unit_id` int(10) unsigned NOT NULL,
  `user_id` int(10) unsigned NOT NULL,
  `year` int(10) unsigned NOT NULL,
  `position` varchar(255) COLLATE utf8_unicode_ci NOT NULL,
  `created_at` timestamp NOT NULL DEFAULT '0000-00-00 00:00:00',
  `updated_at` timestamp NOT NULL DEFAULT '0000-00-00 00:00:00',
  PRIMARY KEY (`id`),
  UNIQUE KEY `positions_unit_id_user_id_year_unique` (`unit_id`,`user_id`,`year`),
  KEY `positions_user_id_foreign` (`user_id`),
  CONSTRAINT `positions_unit_id_foreign` FOREIGN KEY (`unit_id`) REFERENCES `units` (`id`) ON DELETE CASCADE,
  CONSTRAINT `positions_user_id_foreign` FOREIGN KEY (`user_id`) REFERENCES `users` (`id`) ON DELETE CASCADE
) ENGINE=InnoDB AUTO_INCREMENT=21 DEFAULT CHARSET=utf8 COLLATE=utf8_unicode_ci;
/*!40101 SET character_set_client = @saved_cs_client */;

--
-- Dumping data for table `positions`
--

LOCK TABLES `positions` WRITE;
/*!40000 ALTER TABLE `positions` DISABLE KEYS */;
INSERT INTO `positions` VALUES (1,1,2,2015,'Direktur Jenderal Penyediaan Perumahan','2016-01-03 18:29:51','2016-01-03 18:29:51'),(2,3,3,2015,'Direktur Perencanaan Penyediaan Perumahan','2016-01-03 18:31:55','2016-01-03 18:31:55'),(3,2,4,2015,'Sekretaris Direktorat Jendral Penyediaan Perumahan','2016-01-04 12:30:17','2016-01-04 12:30:17'),(4,5,5,2015,'Direktur Rumah Khusus','2016-01-04 12:31:25','2016-01-04 12:31:25'),(5,4,6,2015,'Direktur Rumah Susun','2016-01-04 12:32:38','2016-01-04 12:32:38'),(6,6,7,2015,'Direktur Rumah Swadaya','2016-01-04 12:33:42','2016-01-04 12:33:42'),(7,7,8,2015,'Direktur Rumah Umum dan Komersial','2016-01-04 12:34:21','2016-01-04 12:34:21'),(8,1,2,2016,'Direktur Jenderal Penyediaan Perumahan','2016-01-05 09:43:08','2016-01-05 09:43:08'),(9,3,3,2016,'Direktur Perencanaan Penyediaan Perumahan','2016-01-05 09:43:34','2016-01-05 09:43:34'),(10,2,4,2016,'Sekretaris Direktorat Jenderal Penyediaan Perumahan','2016-01-05 09:46:54','2016-01-05 09:46:54'),(11,6,7,2016,'Direktur Rumah Swadaya','2016-01-05 09:47:54','2016-01-05 09:47:54'),(12,7,8,2016,'Direktur Rumah Umum dan Komersial','2016-01-05 09:48:57','2016-01-05 09:48:57'),(13,4,6,2016,'Direktur Rumah Susun','2016-01-05 09:50:26','2016-01-05 09:50:26'),(14,5,5,2016,'Direktur Rumah Khusus','2016-01-05 09:51:19','2016-01-05 09:51:19'),(15,3,9,2015,'Operator Direktorat Perencanaan Penyediaan Perumahan','2016-01-07 20:42:54','2016-01-07 20:42:54'),(16,3,9,2016,'Operator Direktorat Perencanaan Penyediaan Perumahan','2016-01-07 20:47:15','2016-01-07 20:47:15'),(18,2,10,2016,'Operator Sekretariat','2016-01-09 19:05:43','2016-01-17 12:41:47'),(19,5,11,2015,'Operator Rumah Khusus','2016-01-12 12:48:14','2016-01-12 12:48:14'),(20,5,11,2016,'Operator Rumah Khusus','2016-01-12 14:56:26','2016-01-12 14:56:26');
/*!40000 ALTER TABLE `positions` ENABLE KEYS */;
UNLOCK TABLES;

--
-- Temporary table structure for view `positions_with_user_unit`
--

DROP TABLE IF EXISTS `positions_with_user_unit`;
/*!50001 DROP VIEW IF EXISTS `positions_with_user_unit`*/;
SET @saved_cs_client     = @@character_set_client;
SET character_set_client = utf8;
/*!50001 CREATE TABLE `positions_with_user_unit` (
  `position_id` tinyint NOT NULL,
  `unit_id` tinyint NOT NULL,
  `user_id` tinyint NOT NULL,
  `position_name` tinyint NOT NULL,
  `position_year` tinyint NOT NULL,
  `unit_name` tinyint NOT NULL,
  `user_name` tinyint NOT NULL,
  `user_email` tinyint NOT NULL,
  `user_username` tinyint NOT NULL
) ENGINE=MyISAM */;
SET character_set_client = @saved_cs_client;

--
-- Table structure for table `program_budgets`
--

DROP TABLE IF EXISTS `program_budgets`;
/*!40101 SET @saved_cs_client     = @@character_set_client */;
/*!40101 SET character_set_client = utf8 */;
CREATE TABLE `program_budgets` (
  `id` int(10) unsigned NOT NULL AUTO_INCREMENT,
  `program_id` int(10) unsigned NOT NULL,
  `year` int(10) unsigned NOT NULL,
  `pagu` double(15,2) NOT NULL,
  `realization` double(15,2) NOT NULL,
  `created_at` timestamp NOT NULL DEFAULT '0000-00-00 00:00:00',
  `updated_at` timestamp NOT NULL DEFAULT '0000-00-00 00:00:00',
  PRIMARY KEY (`id`),
  KEY `program_budgets_program_id_foreign` (`program_id`),
  CONSTRAINT `program_budgets_program_id_foreign` FOREIGN KEY (`program_id`) REFERENCES `programs` (`id`) ON DELETE CASCADE
) ENGINE=InnoDB DEFAULT CHARSET=utf8 COLLATE=utf8_unicode_ci;
/*!40101 SET character_set_client = @saved_cs_client */;

--
-- Dumping data for table `program_budgets`
--

LOCK TABLES `program_budgets` WRITE;
/*!40000 ALTER TABLE `program_budgets` DISABLE KEYS */;
/*!40000 ALTER TABLE `program_budgets` ENABLE KEYS */;
UNLOCK TABLES;

--
-- Table structure for table `programs`
--

DROP TABLE IF EXISTS `programs`;
/*!40101 SET @saved_cs_client     = @@character_set_client */;
/*!40101 SET character_set_client = utf8 */;
CREATE TABLE `programs` (
  `id` int(10) unsigned NOT NULL AUTO_INCREMENT,
  `plan_id` int(10) unsigned NOT NULL,
  `name` varchar(255) COLLATE utf8_unicode_ci NOT NULL,
  `created_at` timestamp NOT NULL DEFAULT '0000-00-00 00:00:00',
  `updated_at` timestamp NOT NULL DEFAULT '0000-00-00 00:00:00',
  PRIMARY KEY (`id`),
  KEY `programs_plan_id_foreign` (`plan_id`),
  CONSTRAINT `programs_plan_id_foreign` FOREIGN KEY (`plan_id`) REFERENCES `plans` (`id`) ON DELETE CASCADE
) ENGINE=InnoDB AUTO_INCREMENT=2 DEFAULT CHARSET=utf8 COLLATE=utf8_unicode_ci;
/*!40101 SET character_set_client = @saved_cs_client */;

--
-- Dumping data for table `programs`
--

LOCK TABLES `programs` WRITE;
/*!40000 ALTER TABLE `programs` DISABLE KEYS */;
INSERT INTO `programs` VALUES (1,1,'Pengembangan Perumahan','2016-01-03 18:12:45','2016-01-03 18:12:45');
/*!40000 ALTER TABLE `programs` ENABLE KEYS */;
UNLOCK TABLES;

--
-- Table structure for table `roles`
--

DROP TABLE IF EXISTS `roles`;
/*!40101 SET @saved_cs_client     = @@character_set_client */;
/*!40101 SET character_set_client = utf8 */;
CREATE TABLE `roles` (
  `id` int(10) unsigned NOT NULL AUTO_INCREMENT,
  `name` text COLLATE utf8_unicode_ci NOT NULL,
  `created_at` timestamp NOT NULL DEFAULT '0000-00-00 00:00:00',
  `updated_at` timestamp NOT NULL DEFAULT '0000-00-00 00:00:00',
  PRIMARY KEY (`id`)
) ENGINE=InnoDB AUTO_INCREMENT=4 DEFAULT CHARSET=utf8 COLLATE=utf8_unicode_ci;
/*!40101 SET character_set_client = @saved_cs_client */;

--
-- Dumping data for table `roles`
--

LOCK TABLES `roles` WRITE;
/*!40000 ALTER TABLE `roles` DISABLE KEYS */;
INSERT INTO `roles` VALUES (1,'Administrator','2016-01-03 08:03:17','2016-01-03 08:03:17'),(2,'Operator','2016-01-03 08:03:17','2016-01-03 08:03:17'),(3,'Pimpinan','2016-01-03 08:03:17','2016-01-03 08:03:17');
/*!40000 ALTER TABLE `roles` ENABLE KEYS */;
UNLOCK TABLES;

--
-- Table structure for table `staff`
--

DROP TABLE IF EXISTS `staff`;
/*!40101 SET @saved_cs_client     = @@character_set_client */;
/*!40101 SET character_set_client = utf8 */;
CREATE TABLE `staff` (
  `id` int(10) unsigned NOT NULL AUTO_INCREMENT,
  `organization_id` int(10) unsigned NOT NULL,
  `name` varchar(255) COLLATE utf8_unicode_ci NOT NULL,
  `status` enum('pns','non-pns') COLLATE utf8_unicode_ci NOT NULL,
  `position` varchar(255) COLLATE utf8_unicode_ci NOT NULL,
  `created_at` timestamp NOT NULL DEFAULT '0000-00-00 00:00:00',
  `updated_at` timestamp NOT NULL DEFAULT '0000-00-00 00:00:00',
  PRIMARY KEY (`id`),
  KEY `staff_organization_id_foreign` (`organization_id`)
) ENGINE=InnoDB AUTO_INCREMENT=72 DEFAULT CHARSET=utf8 COLLATE=utf8_unicode_ci;
/*!40101 SET character_set_client = @saved_cs_client */;

--
-- Dumping data for table `staff`
--

LOCK TABLES `staff` WRITE;
/*!40000 ALTER TABLE `staff` DISABLE KEYS */;
INSERT INTO `staff` VALUES (2,24,'Ir. Nurlaili, CES','pns','Kasubdit Keterpaduan Perencanaan','2016-01-26 19:43:24','2016-01-27 12:26:01'),(3,24,'Ir. Muria Istamtiah','pns','Kasie Keterpaduan Perencanaan I','2016-01-26 19:44:16','2016-01-27 12:25:51'),(4,24,'Yudha Rommel Sibero, ST, MM.','pns','Kasie Keterpaduan Perencanaan II','2016-01-26 19:44:53','2016-01-27 12:29:21'),(5,24,'Muhammad Nasir, ST, MT.','pns','Staf Subdit Keterpaduan Perencanaan','2016-01-26 19:45:31','2016-01-27 12:26:50'),(6,24,'Winda Dwi Aryani, ST.','pns','Staf Subdit Keterpaduan Perencanaan','2016-01-26 19:46:30','2016-01-27 12:29:05'),(7,24,'Asmawi','pns','Staf Subdit Keterpaduan Perencanaan','2016-01-26 19:48:52','2016-01-27 12:24:33'),(8,24,'Gita Saraswati, ST.','non-pns','Staf Subdit Keterpaduan Perencanaan','2016-01-26 19:49:13','2016-01-27 12:25:31'),(9,24,'Farish Alauddin, ST.','non-pns','Staf Subdit Keterpaduan Perencanaan','2016-01-26 19:49:44','2016-01-27 12:25:06'),(10,24,'Adam Pasuna Jaya, ST.','non-pns','Staf Subdit Keterpaduan Perencanaan','2016-01-26 19:50:16','2016-01-27 12:23:58'),(11,24,'M. Rizki Fauzi, ST.','non-pns','Staf Subdit Keterpaduan Perencanaan','2016-01-26 19:50:38','2016-01-27 12:26:27'),(12,24,'Nindito Virnantio, ST.','non-pns','Staf Subdit Keterpaduan Perencanaan','2016-01-26 19:50:59','2016-01-27 12:27:20'),(13,24,'Ramadina Fitri, SE.','non-pns','Staf Subdit Keterpaduan Perencanaan','2016-01-26 19:51:19','2016-01-27 12:28:01'),(14,33,'Dr Budiyono, ST, M.Si.','pns','Kasubdit Rencana Pengembangan Lingkungan Hunian','2016-01-27 11:00:36','2016-01-27 12:50:06'),(15,33,'Suminarti, ST, MT.','pns','Kasi Lingkungan Hunian Skala Besar','2016-01-27 11:01:52','2016-01-27 12:51:13'),(16,33,'Conefianto, SE, MT.','pns','Kasi Lingkungan Hunian Bukan Skala Besar','2016-01-27 11:02:38','2016-01-27 12:49:52'),(17,33,'Sitti Roosilawati, ST. M.Dev.Plg.','pns','Staf Subdit Rencana Pengembangan Lingkungan Hunian','2016-01-27 11:04:07','2016-01-27 12:50:58'),(18,33,'Qurratu Ainy, ST','non-pns','Staf Subdit Rencana Pengembangan Lingkungan Hunian','2016-01-27 11:04:39','2016-01-27 12:50:42'),(19,33,'Huriyah Nurul Zahra, ST.','non-pns','Staf Subdit Rencana Pengembangan Lingkungan Hunian','2016-01-27 11:05:11','2016-01-27 12:50:21'),(20,33,'Ardi Bonatua, SE.','non-pns','Staf Subdit Rencana Pengembangan Lingkungan Hunian','2016-01-27 11:05:34','2016-01-27 12:49:32'),(21,25,'Merlina Rubiani, S.Sos, MCP.','pns','Kasubdit Kemitraan Kelembagaan','2016-01-27 17:39:47','2016-01-27 17:39:47'),(22,25,'Wahyu Widayati, ST, M.Si.','pns','Kasi Kelembagaan','2016-01-27 17:40:34','2016-01-27 17:40:34'),(23,25,'Linda Haryanti, ST.,M.Si.','pns','Kasi Kemitraan','2016-01-27 17:41:09','2016-01-27 17:41:09'),(24,25,'Ratna Wahyu Purbasari, ST., M.Si.','non-pns','Staf Subdit. Kemitraan dan Kelembagaan','2016-01-27 17:42:09','2016-01-27 17:42:09'),(25,25,'Dyna Susana, SE.','non-pns','Staf Subdit. Kemitraan dan Kelembagaan','2016-01-27 17:42:32','2016-01-27 17:42:32'),(26,25,'Sandy Widya Pratama, ST.','non-pns','Staf Subdit. Kemitraan dan Kelembagaan','2016-01-27 17:42:56','2016-01-27 17:42:56'),(27,25,'Geode Gea Mandira, ST.','non-pns','Staf Subdit. Kemitraan dan Kelembagaan','2016-01-27 17:43:18','2016-01-27 17:43:18'),(28,25,'Bagus Prakoso, ST.','non-pns','Staf Subdit. Kemitraan dan Kelembagaan','2016-01-27 18:05:42','2016-01-27 18:05:42'),(29,25,'Prabowo Rifqi Nugroho, SH.','non-pns','Staf Subdit. Kemitraan dan Kelembagaan','2016-01-27 18:06:08','2016-01-27 18:06:08'),(30,63,'Dr. Ir. Nanang Sofwan Santosa, MPL.','pns','Kasubdit Data dan Informasi','2016-01-27 18:12:46','2016-01-27 18:12:46'),(31,63,'Rino Sinurat, ST, M.Si.','pns','Kasi Pengolahan Data','2016-01-27 18:13:11','2016-01-27 18:13:11'),(32,63,'Soelistianing Kusumawati, ST ,MT.','pns','Kasi Sistem Informasi','2016-01-27 18:13:53','2016-01-27 18:13:53'),(33,63,'Tri Cahyo Ramdhani, ST','non-pns','Staff Data dan Informasi','2016-01-27 18:14:41','2016-01-27 18:14:41'),(34,63,'Hendra Budiman, ST','non-pns','Staff Data dan Informasi','2016-01-27 18:14:55','2016-01-27 18:14:55'),(35,63,'M. Rizki Priyoko','non-pns','Staff Data dan Informasi','2016-01-27 18:15:16','2016-01-27 18:15:16'),(36,63,'Cut Asyraf Anzila','non-pns','Staff Data dan Informasi','2016-01-27 18:15:52','2016-01-27 18:15:52'),(37,63,'Wibawa Priatama, ST','non-pns','Staff Data dan Informasi','2016-01-27 18:16:31','2016-01-27 18:16:31'),(38,63,'Yuri Isey','non-pns','Staff Data dan Informasi','2016-01-27 18:16:47','2016-01-27 18:16:47'),(39,63,'Amalia Rizky, ST.','non-pns','Staff Data dan Informasi','2016-01-27 18:17:06','2016-01-27 18:17:06'),(40,63,'Mutiara Larasati','non-pns','Staff Data dan Informasi','2016-01-27 18:17:25','2016-01-27 18:17:25'),(41,26,'Bertua Saraswati, SE','pns','Kasubdit Pemantauan dan Evaluasi','2016-01-27 18:31:34','2016-01-27 18:31:34'),(42,26,'Ade Rifadli, SE, MM','pns','Kasi Pelaporan','2016-01-27 18:31:57','2016-01-27 18:31:57'),(43,26,'Oktavia Asril, ST, MT.','pns','Kasi Evaluasi dan Pelaporan','2016-01-27 18:32:37','2016-01-27 18:32:37'),(44,26,'Renggo Pitojo, SAP','pns','Staff Subdit Pemantauan dan Evaluasi','2016-01-27 18:33:18','2016-01-27 18:33:18'),(45,26,'Suhendra, ST','pns','Staff Subdit Pemantauan dan Evaluasi','2016-01-27 18:33:41','2016-01-27 18:33:41'),(46,26,'Budi Setiawan, S.Si.','pns','Staff Subdit Pemantauan dan Evaluasi','2016-01-27 18:33:55','2016-01-27 18:33:55'),(47,26,'Stevi Della A.P.P, ST, M.Si.','non-pns','Staff Subdit Pemantauan dan Evaluasi','2016-01-27 18:34:44','2016-01-27 18:34:44'),(48,26,'Resa Putri Januarini','non-pns','Staff Subdit Pemantauan dan Evaluasi','2016-01-27 18:35:38','2016-01-27 18:35:38'),(49,32,'Dwi Retno Suyitno','pns','Kasubag TU','2016-01-27 18:54:00','2016-01-27 20:03:38'),(50,32,'Ngatmin','pns','Staff TU','2016-01-27 19:54:21','2016-01-27 20:10:20'),(51,32,'Ade Triandini, Adm','non-pns','Staff TU','2016-01-27 19:54:44','2016-01-27 20:10:03'),(52,32,'Acu Nurahman','non-pns','Staff TU','2016-01-27 19:54:59','2016-01-27 19:54:59'),(53,32,'Ahmad Sudibyo','non-pns','Staff TU','2016-01-27 19:55:20','2016-01-27 19:55:20'),(54,32,'Novy Kusuma Ningrum, SE.','non-pns','Staff TU','2016-01-27 19:55:40','2016-01-27 20:00:02'),(55,32,'Zainal Abidin','non-pns','Staff TU','2016-01-27 19:55:56','2016-01-27 19:55:56'),(56,64,'Eko Darsono','pns','Staff Satker','2016-01-27 20:24:29','2016-01-27 20:24:29'),(57,64,'Andri Yoga Sujana','pns','Staff Satker','2016-01-27 20:24:46','2016-01-27 20:24:46'),(58,64,'Fahrul','pns','Staff Satker','2016-01-27 20:24:58','2016-01-27 20:24:58'),(59,64,'Rouzial Dzura A.,S.Ikom','non-pns','Staff Satker','2016-01-27 20:25:29','2016-01-27 20:25:29'),(60,64,'Ariestya Handoko','non-pns','Staff Satker','2016-01-27 20:25:45','2016-01-27 20:25:45'),(61,64,'M. Priosusilo, SE.','non-pns','Staff Satker','2016-01-27 20:26:06','2016-01-27 20:26:06'),(62,64,'M. Fauzi','non-pns','Staff Satker','2016-01-27 20:26:19','2016-01-27 20:26:19'),(63,64,'Asri Ratna Widiastuti, SAP','non-pns','Staff Satker','2016-01-27 20:26:41','2016-01-27 20:26:41'),(64,64,'Alika Putri Permatasari, SE','non-pns','Staff Satker','2016-01-27 20:27:11','2016-01-27 20:27:11'),(65,64,'Irma Tiara Sari','non-pns','Staff Satker','2016-01-27 20:27:26','2016-01-27 20:27:26'),(66,27,'Desiana','non-pns','Tenaga Pendukung Lainnya','2016-01-27 20:38:31','2016-01-27 20:38:31'),(67,27,'Nurjanah','non-pns','Tenaga Pendukung Lainnya','2016-01-27 20:38:42','2016-01-27 20:38:42'),(68,27,'Aris Wara','non-pns','Tenaga Pendukung Lainnya','2016-01-27 20:38:54','2016-01-27 20:38:54'),(69,27,'Teguh Santoso','non-pns','Tenaga Pendukung Lainnya','2016-01-27 20:39:10','2016-01-27 20:39:10'),(70,27,'Agus Suratno','non-pns','Tenaga Pendukung Lainnya','2016-01-27 20:39:21','2016-01-27 20:39:21'),(71,64,'Magenta','non-pns','Staff Satker','2016-01-29 04:27:24','2016-01-29 04:27:24');
/*!40000 ALTER TABLE `staff` ENABLE KEYS */;
UNLOCK TABLES;

--
-- Table structure for table `target_goals`
--

DROP TABLE IF EXISTS `target_goals`;
/*!40101 SET @saved_cs_client     = @@character_set_client */;
/*!40101 SET character_set_client = utf8 */;
CREATE TABLE `target_goals` (
  `id` int(10) unsigned NOT NULL AUTO_INCREMENT,
  `indicator_id` int(10) unsigned NOT NULL,
  `year` int(10) unsigned NOT NULL,
  `count` double(8,2) NOT NULL,
  `created_at` timestamp NOT NULL DEFAULT '0000-00-00 00:00:00',
  `updated_at` timestamp NOT NULL DEFAULT '0000-00-00 00:00:00',
  PRIMARY KEY (`id`)
) ENGINE=InnoDB DEFAULT CHARSET=utf8 COLLATE=utf8_unicode_ci;
/*!40101 SET character_set_client = @saved_cs_client */;

--
-- Dumping data for table `target_goals`
--

LOCK TABLES `target_goals` WRITE;
/*!40000 ALTER TABLE `target_goals` DISABLE KEYS */;
/*!40000 ALTER TABLE `target_goals` ENABLE KEYS */;
UNLOCK TABLES;

--
-- Table structure for table `targets`
--

DROP TABLE IF EXISTS `targets`;
/*!40101 SET @saved_cs_client     = @@character_set_client */;
/*!40101 SET character_set_client = utf8 */;
CREATE TABLE `targets` (
  `id` int(10) unsigned NOT NULL AUTO_INCREMENT,
  `type` enum('program','activity') COLLATE utf8_unicode_ci NOT NULL,
  `type_id` int(10) unsigned NOT NULL,
  `name` varchar(255) COLLATE utf8_unicode_ci NOT NULL,
  `created_at` timestamp NOT NULL DEFAULT '0000-00-00 00:00:00',
  `updated_at` timestamp NOT NULL DEFAULT '0000-00-00 00:00:00',
  PRIMARY KEY (`id`)
) ENGINE=InnoDB AUTO_INCREMENT=15 DEFAULT CHARSET=utf8 COLLATE=utf8_unicode_ci;
/*!40101 SET character_set_client = @saved_cs_client */;

--
-- Dumping data for table `targets`
--

LOCK TABLES `targets` WRITE;
/*!40000 ALTER TABLE `targets` DISABLE KEYS */;
INSERT INTO `targets` VALUES (2,'activity',1,'Dukungan Manajemen Penyelenggaraan Penyediaan Perumahan','2016-01-03 18:20:40','2016-01-03 18:20:40'),(4,'activity',2,'Perencanaan dan Pembinaan Penyediaan Perumahan','2016-01-03 18:36:06','2016-01-03 18:36:06'),(5,'activity',3,'Perencanaan, Pembinaan, Bantuan dan Penyediaan Rumah Susun','2016-01-05 10:44:49','2016-01-05 10:44:49'),(6,'activity',3,'Rumah Susun untuk MBR yang dilengkapi dengan PSU pendukungnya','2016-01-05 10:45:27','2016-01-05 10:45:27'),(7,'activity',3,'Terbangunnya Perumahan TNI dan POLRI yang dilengkapi dengan PSU pendukungnya','2016-01-05 10:46:05','2016-01-05 10:46:05'),(8,'activity',4,'Pembinaan dan Pengembangan Rumah Umum dan Komersial','2016-01-05 17:18:17','2016-01-05 17:18:17'),(9,'activity',4,'Rumah Umum Tapak Layak Huni yang Difasilitasi melalui Bantuan Rumah Umum (PSU)','2016-01-05 17:19:23','2016-01-05 17:19:23'),(11,'activity',6,'Penyediaan Rumah Khusus','2016-01-05 17:40:03','2016-01-05 17:40:03'),(12,'activity',5,'Pengembangan Rumah Khusus dan Negara','2016-01-05 17:48:43','2016-01-05 17:48:43'),(13,'program',1,'Menurunnya kekurangan tempat tinggal\r\n(backlog) dan menurunnya rumah tidak\r\nlayak huni','2016-01-06 05:58:42','2016-01-06 05:58:42'),(14,'activity',7,'Meningkatnya Jumlah Rumah Tangga Berpenghasilan Rendah yang Menghuni Rumah Swadaya melalui Pembangunan Baru dan Meningkatnya Jumlah Rumah Tangga Berpenghasilan Rendah yang Difasilitasi Bantuan Peningkatan Kualitas Rumah Swadaya','2016-01-06 10:54:22','2016-01-07 09:13:21');
/*!40000 ALTER TABLE `targets` ENABLE KEYS */;
UNLOCK TABLES;

--
-- Table structure for table `units`
--

DROP TABLE IF EXISTS `units`;
/*!40101 SET @saved_cs_client     = @@character_set_client */;
/*!40101 SET character_set_client = utf8 */;
CREATE TABLE `units` (
  `id` int(10) unsigned NOT NULL AUTO_INCREMENT,
  `name` varchar(255) COLLATE utf8_unicode_ci NOT NULL,
  `created_at` timestamp NOT NULL DEFAULT '0000-00-00 00:00:00',
  `updated_at` timestamp NOT NULL DEFAULT '0000-00-00 00:00:00',
  PRIMARY KEY (`id`)
) ENGINE=InnoDB AUTO_INCREMENT=8 DEFAULT CHARSET=utf8 COLLATE=utf8_unicode_ci;
/*!40101 SET character_set_client = @saved_cs_client */;

--
-- Dumping data for table `units`
--

LOCK TABLES `units` WRITE;
/*!40000 ALTER TABLE `units` DISABLE KEYS */;
INSERT INTO `units` VALUES (1,'Direktorat Jenderal Penyediaan Perumahan','2016-01-03 08:03:17','2016-01-03 08:03:17'),(2,'Sekretariat Direktorat Jenderal Penyediaan Perumahan','2016-01-03 08:03:17','2016-01-03 08:03:17'),(3,'Direktorat Perencanaan Penyediaan Perumahan','2016-01-03 08:03:17','2016-01-03 08:03:17'),(4,'Direktorat Rumah Susun','2016-01-03 08:03:17','2016-01-03 08:03:17'),(5,'Direktorat Rumah Khusus','2016-01-03 08:03:17','2016-01-03 08:03:17'),(6,'Direktorat Rumah Swadaya','2016-01-03 08:03:17','2016-01-03 08:03:17'),(7,'Direktorat Rumah Umum dan Komersial','2016-01-03 08:03:17','2016-01-03 08:03:17');
/*!40000 ALTER TABLE `units` ENABLE KEYS */;
UNLOCK TABLES;

--
-- Table structure for table `users`
--

DROP TABLE IF EXISTS `users`;
/*!40101 SET @saved_cs_client     = @@character_set_client */;
/*!40101 SET character_set_client = utf8 */;
CREATE TABLE `users` (
  `id` int(10) unsigned NOT NULL AUTO_INCREMENT,
  `role_id` int(10) unsigned NOT NULL,
  `username` varchar(255) COLLATE utf8_unicode_ci NOT NULL,
  `name` varchar(255) COLLATE utf8_unicode_ci NOT NULL,
  `email` varchar(255) COLLATE utf8_unicode_ci NOT NULL,
  `password` varchar(60) COLLATE utf8_unicode_ci NOT NULL,
  `remember_token` varchar(100) COLLATE utf8_unicode_ci DEFAULT NULL,
  `created_at` timestamp NOT NULL DEFAULT '0000-00-00 00:00:00',
  `updated_at` timestamp NOT NULL DEFAULT '0000-00-00 00:00:00',
  `picture_id` int(10) unsigned DEFAULT NULL,
  PRIMARY KEY (`id`),
  UNIQUE KEY `users_email_unique` (`email`),
  KEY `users_role_id_foreign` (`role_id`),
  CONSTRAINT `users_role_id_foreign` FOREIGN KEY (`role_id`) REFERENCES `roles` (`id`) ON DELETE CASCADE
) ENGINE=InnoDB AUTO_INCREMENT=12 DEFAULT CHARSET=utf8 COLLATE=utf8_unicode_ci;
/*!40101 SET character_set_client = @saved_cs_client */;

--
-- Dumping data for table `users`
--

LOCK TABLES `users` WRITE;
/*!40000 ALTER TABLE `users` DISABLE KEYS */;
INSERT INTO `users` VALUES (1,1,'admin','Administrator','admin@silap-kinerja.com','$2y$10$fExW09TxDaewhg4bpRdnhOzdUdN27pv8xWEmXXosSt6QfQlO1lg7q','qpjF9Emqyj63fCSfx94TvdTjoGHkrgJth1chwQWAjPbzAhP7MwTWlkZF3TCt','2016-01-03 08:03:17','2016-02-01 03:02:26',7),(2,3,'Endang1','Syarif Burhanuddin','endang891@yahoo.co.id','$2y$10$jZpEISjUqWFc1NXJ5AXtuuKczQWUejvQETUai4wtm6VVYUGbX7Y4i','A9ANNWFMfTJxwduehZo6ja2YIzUjEw1kB1Yi6a07OW9EiIjF3KJ0dmKSLZhC','2016-01-03 18:27:36','2016-01-07 19:16:02',NULL),(3,3,'Endang2','Dedy Permadi','bundadhea@yahoo.com','$2y$10$VryF0GmqgrBnMlrp7W/ZT.2gDngQ2Y8Ylj8BV52olJPlVtJWIZcwO','3fshESvBIo6h2Ifohywc5ymcoZHyNJHmnmx2IxoHsfBkrjgtp87APAwYtJMg','2016-01-03 18:31:13','2016-01-18 12:55:15',NULL),(4,2,'SetDitjen','Eko D Heripoerwanto','arg.kita@gmail.com','$2y$10$nS.ytBLb5IXuirqGnDVFL.MDTO5wqRLL5ASX2xo011lDdxvKMatES','fHlZvcNUHiJEJFUQUtVlh5HBTjtNWVHmpuX6U1OwXekdnfY3FVtD9bBKNdHT','2016-01-04 12:15:56','2016-01-16 14:19:11',NULL),(5,3,'Dir_khusus','Lukman Hakim','Fatih103@gmail.com','$2y$10$OTSLSG1imRmRt2oNutSq1udy8XvY30FtBMjo0c3aYzs.4Nu6EgRzG',NULL,'2016-01-04 12:18:40','2016-01-04 12:18:40',NULL),(6,3,'Dir_Rusun','Christ Robert Marbun','johnsugino@yahoo.com','$2y$10$oUki9y2MhCk8Y1IAGi5VwuDGOBpmJbKg1r6oXXsZ3wSt/qBQDFxw.',NULL,'2016-01-04 12:20:30','2016-01-07 20:40:53',NULL),(7,3,'Dir_Swadaya','Hardi Simamora','slamet.riyadi1122.sr@gmail.com','$2y$10$9PtSY3IKDhrJ/7sRMpeJuuGFDfTFJcCgaBm2H6bkYTAUM684npUpi','Ce3uKSkl9F3yrj1ttKygcgdu6jLNPOEI5Co281a6jwKx4z4dJYHjMnyvnmBD','2016-01-04 12:22:44','2016-01-16 12:13:31',NULL),(8,3,'Dir_RUK','Irma Yanti','imeyastuti@gmail.com','$2y$10$GS6IIdBLas4vuX7dUX1B9eXwpL.4ELNrFn2kstr7LzHNTz8u7GKIu','K8hkAScyyXA9dfojNR45qfpsqa5gd6kJiJsZHR4nDtG6y6bTcqkuxS7Hkwgd','2016-01-04 12:24:03','2016-01-18 07:24:38',NULL),(9,2,'op_rencana','OPERATOR-RENCANA','triutoro.arg@gmail.com','$2y$10$BR3ZMNUasZy1iGW3y.nff.Y0ZxMgO/upIAcjJESmH/zwtzvk3ZkTy','x8WTZqVdZTc3jsVBoiXdinOFI9SN1CQpbwnOIpHoRSjKhhR6p80kK7J2TiW5','2016-01-07 20:40:33','2016-02-01 02:57:00',NULL),(10,3,'fathur','Fathur Rohman','fathur_rohman17@yahoo.co.id','$2y$10$XjdUxnSdK0M5uQsGdE5Qc.JCrY//Bvb36AhHGANIU1fNs3yGtnIBy','vpCkBVZeHSHl3p28qe3jM0OwQqlVkNyWbOtmfw0z1zt9PuXjIVcS81ynV9pr','2016-01-09 19:03:39','2016-01-17 13:47:14',4),(11,2,'Endang3','Operator Rumah Khusus','endangyayu1@gmail.com','$2y$10$sey9.3PycXQsNT4APBipPuxkHAOOJhPf.Z5m.Wt6eQzwOXF39hwgq','Kb34v276dmTQf8xkDzEhDioINPZZMVj6WMceuNYeFPJbU4aT3gv4G38zmbfV','2016-01-12 12:36:17','2016-01-18 14:25:29',NULL);
/*!40000 ALTER TABLE `users` ENABLE KEYS */;
UNLOCK TABLES;

--
-- Final view structure for view `positions_with_user_unit`
--

/*!50001 DROP TABLE IF EXISTS `positions_with_user_unit`*/;
/*!50001 DROP VIEW IF EXISTS `positions_with_user_unit`*/;
/*!50001 SET @saved_cs_client          = @@character_set_client */;
/*!50001 SET @saved_cs_results         = @@character_set_results */;
/*!50001 SET @saved_col_connection     = @@collation_connection */;
/*!50001 SET character_set_client      = utf8 */;
/*!50001 SET character_set_results     = utf8 */;
/*!50001 SET collation_connection      = utf8_unicode_ci */;
/*!50001 CREATE ALGORITHM=UNDEFINED */
/*!50013 DEFINER=`root`@`localhost` SQL SECURITY DEFINER */
/*!50001 VIEW `positions_with_user_unit` AS select `positions`.`id` AS `position_id`,`units`.`id` AS `unit_id`,`users`.`id` AS `user_id`,`positions`.`position` AS `position_name`,`positions`.`year` AS `position_year`,`units`.`name` AS `unit_name`,`users`.`name` AS `user_name`,`users`.`email` AS `user_email`,`users`.`username` AS `user_username` from ((`positions` join `units` on((`positions`.`unit_id` = `units`.`id`))) join `users` on((`positions`.`user_id` = `users`.`id`))) */;
/*!50001 SET character_set_client      = @saved_cs_client */;
/*!50001 SET character_set_results     = @saved_cs_results */;
/*!50001 SET collation_connection      = @saved_col_connection */;
/*!40103 SET TIME_ZONE=@OLD_TIME_ZONE */;

/*!40101 SET SQL_MODE=@OLD_SQL_MODE */;
/*!40014 SET FOREIGN_KEY_CHECKS=@OLD_FOREIGN_KEY_CHECKS */;
/*!40014 SET UNIQUE_CHECKS=@OLD_UNIQUE_CHECKS */;
/*!40101 SET CHARACTER_SET_CLIENT=@OLD_CHARACTER_SET_CLIENT */;
/*!40101 SET CHARACTER_SET_RESULTS=@OLD_CHARACTER_SET_RESULTS */;
/*!40101 SET COLLATION_CONNECTION=@OLD_COLLATION_CONNECTION */;
/*!40111 SET SQL_NOTES=@OLD_SQL_NOTES */;

-- Dump completed on 2016-01-31 16:11:05
